[
    {
        "model": "spacenter.country",
        "pk": "27b8faf5-86f7-496a-9d61-db7bc540ad75",
        "fields": {
            "name": "Qatar",
            "name_en": "Qatar",
            "name_ar": "в”ҳГ©в•Әв•–в•Әв–’",
            "code": "QAT",
            "phone_code": "+974",
            "flag": "",
            "is_active": true,
            "sort_order": 1,
            "created_at": "2026-04-01T08:06:56.534Z",
            "updated_at": "2026-04-01T08:06:56.534Z"
        }
    },
    {
        "model": "spacenter.country",
        "pk": "49feecf3-d3a1-4128-a2b7-cec4b979d473",
        "fields": {
            "name": "Kuwait",
            "name_en": "Kuwait",
            "name_ar": "в•ӘВәв”ҳГӨв”ҳГўв”ҳГӘв”ҳГЁв•ӘВ¬",
            "code": "KWT",
            "phone_code": "+965",
            "flag": "",
            "is_active": true,
            "sort_order": 2,
            "created_at": "2026-04-01T08:06:56.554Z",
            "updated_at": "2026-04-01T08:06:56.554Z"
        }
    },
    {
        "model": "spacenter.country",
        "pk": "bfef61c2-9542-408f-a5ce-84ab3b4f98db",
        "fields": {
            "name": "United Arab Emirates",
            "name_en": "United Arab Emirates",
            "name_ar": "в•ӘВәв”ҳГӨв•ӘГ‘в”ҳГ в•ӘВәв•Әв–’в•ӘВәв•ӘВ¬ в•ӘВәв”ҳГӨв•Әв•Јв•Әв–’в•ӘВҝв”ҳГЁв•ӘвҢҗ в•ӘВәв”ҳГӨв”ҳГ в•ӘВ¬в•ӘВЎв•ӘВ»в•ӘвҢҗ",
            "code": "ARE",
            "phone_code": "+971",
            "flag": "",
            "is_active": true,
            "sort_order": 3,
            "created_at": "2026-04-01T08:06:56.562Z",
            "updated_at": "2026-04-01T08:06:56.562Z"
        }
    },
    {
        "model": "spacenter.city",
        "pk": "0bd3272a-3507-4263-ab3a-58756657af25",
        "fields": {
            "country": "49feecf3-d3a1-4128-a2b7-cec4b979d473",
            "name": "Salmiya",
            "name_en": "Salmiya",
            "name_ar": "в•ӘВәв”ҳГӨв•Әв”Ӯв•ӘВәв”ҳГӨв”ҳГ в”ҳГЁв•ӘвҢҗ",
            "state": "Hawalli",
            "state_en": "Hawalli",
            "state_ar": "в•ӘВЎв”ҳГӘв”ҳГӨв”ҳГЁ",
            "is_active": true,
            "sort_order": 2,
            "created_at": "2026-04-01T08:06:56.610Z",
            "updated_at": "2026-04-01T08:06:56.610Z"
        }
    },
    {
        "model": "spacenter.city",
        "pk": "13b87d1a-6057-443d-bdf1-eb15dae7c002",
        "fields": {
            "country": "49feecf3-d3a1-4128-a2b7-cec4b979d473",
            "name": "Jabriya",
            "name_en": "Jabriya",
            "name_ar": "в•ӘВәв”ҳГӨв•ӘВјв•ӘВәв•ӘВҝв•Әв–’в”ҳГЁв•ӘвҢҗ",
            "state": "Hawalli",
            "state_en": "Hawalli",
            "state_ar": "в•ӘВЎв”ҳГӘв”ҳГӨв”ҳГЁ",
            "is_active": true,
            "sort_order": 4,
            "created_at": "2026-04-01T08:06:56.622Z",
            "updated_at": "2026-04-01T08:06:56.622Z"
        }
    },
    {
        "model": "spacenter.city",
        "pk": "1c2a1ccc-d012-4bf4-b95f-c1869f2390d9",
        "fields": {
            "country": "bfef61c2-9542-408f-a5ce-84ab3b4f98db",
            "name": "Dubai",
            "name_en": "Dubai",
            "name_ar": "в•ӘВ»в•ӘВҝв”ҳГЁ",
            "state": "Dubai",
            "state_en": "Dubai",
            "state_ar": "в•ӘВ»в•ӘВҝв”ҳГЁ",
            "is_active": true,
            "sort_order": 1,
            "created_at": "2026-04-01T08:06:56.632Z",
            "updated_at": "2026-04-01T08:06:56.632Z"
        }
    },
    {
        "model": "spacenter.city",
        "pk": "24a53253-2632-438b-81d7-f3fe25b67f8b",
        "fields": {
            "country": "27b8faf5-86f7-496a-9d61-db7bc540ad75",
            "name": "Lusail",
            "name_en": "Lusail",
            "name_ar": "в”ҳГӨв”ҳГӘв•Әв”Ӯв”ҳГЁв”ҳГӨ",
            "state": "Ad Dawhah",
            "state_en": "Ad Dawhah",
            "state_ar": "в•ӘВәв”ҳГӨв•ӘВ»в”ҳГӘв•ӘВЎв•ӘвҢҗ",
            "is_active": true,
            "sort_order": 2,
            "created_at": "2026-04-01T08:06:56.578Z",
            "updated_at": "2026-04-01T08:06:56.578Z"
        }
    },
    {
        "model": "spacenter.city",
        "pk": "29a31a43-df05-4ad0-a244-6225a0e763dc",
        "fields": {
            "country": "27b8faf5-86f7-496a-9d61-db7bc540ad75",
            "name": "Doha",
            "name_en": "Doha",
            "name_ar": "в•ӘВәв”ҳГӨв•ӘВ»в”ҳГӘв•ӘВЎв•ӘвҢҗ",
            "state": "Ad Dawhah",
            "state_en": "Ad Dawhah",
            "state_ar": "в•ӘВәв”ҳГӨв•ӘВ»в”ҳГӘв•ӘВЎв•ӘвҢҗ",
            "is_active": true,
            "sort_order": 1,
            "created_at": "2026-04-01T08:06:56.571Z",
            "updated_at": "2026-04-01T08:06:56.571Z"
        }
    },
    {
        "model": "spacenter.city",
        "pk": "67dc8881-92af-4860-86f0-a571ad395255",
        "fields": {
            "country": "bfef61c2-9542-408f-a5ce-84ab3b4f98db",
            "name": "Ajman",
            "name_en": "Ajman",
            "name_ar": "в•Әв•Јв•ӘВјв”ҳГ в•ӘВәв”ҳГҘ",
            "state": "Ajman",
            "state_en": "Ajman",
            "state_ar": "в•Әв•Јв•ӘВјв”ҳГ в•ӘВәв”ҳГҘ",
            "is_active": true,
            "sort_order": 4,
            "created_at": "2026-04-01T08:06:56.649Z",
            "updated_at": "2026-04-01T08:06:56.649Z"
        }
    },
    {
        "model": "spacenter.city",
        "pk": "79195cc8-7497-4384-9cde-b240fc91af62",
        "fields": {
            "country": "bfef61c2-9542-408f-a5ce-84ab3b4f98db",
            "name": "Ras Al Khaimah",
            "name_en": "Ras Al Khaimah",
            "name_ar": "в•Әв–’в•ӘГәв•Әв”Ӯ в•ӘВәв”ҳГӨв•ӘВ«в”ҳГЁв”ҳГ в•ӘвҢҗ",
            "state": "RAK",
            "state_en": "RAK",
            "state_ar": "в•Әв–’в•ӘГәв•Әв”Ӯ в•ӘВәв”ҳГӨв•ӘВ«в”ҳГЁв”ҳГ в•ӘвҢҗ",
            "is_active": true,
            "sort_order": 5,
            "created_at": "2026-04-01T08:06:56.655Z",
            "updated_at": "2026-04-01T08:06:56.655Z"
        }
    },
    {
        "model": "spacenter.city",
        "pk": "83d51f11-be3e-410d-9b48-2e3babf66748",
        "fields": {
            "country": "bfef61c2-9542-408f-a5ce-84ab3b4f98db",
            "name": "Abu Dhabi",
            "name_en": "Abu Dhabi",
            "name_ar": "в•ӘГәв•ӘВҝв”ҳГӘв•Әв••в•ӘВҝв”ҳГЁ",
            "state": "Abu Dhabi",
            "state_en": "Abu Dhabi",
            "state_ar": "в•ӘГәв•ӘВҝв”ҳГӘв•Әв••в•ӘВҝв”ҳГЁ",
            "is_active": true,
            "sort_order": 2,
            "created_at": "2026-04-01T08:06:56.638Z",
            "updated_at": "2026-04-01T08:06:56.638Z"
        }
    },
    {
        "model": "spacenter.city",
        "pk": "9fa4e1ce-d41e-45a3-8c94-ce2b11fd7f17",
        "fields": {
            "country": "27b8faf5-86f7-496a-9d61-db7bc540ad75",
            "name": "Al Rayyan",
            "name_en": "Al Rayyan",
            "name_ar": "в•ӘВәв”ҳГӨв•Әв–’в”ҳГЁв•ӘВәв”ҳГҘ",
            "state": "Al Rayyan",
            "state_en": "Al Rayyan",
            "state_ar": "в•ӘВәв”ҳГӨв•Әв–’в”ҳГЁв•ӘВәв”ҳГҘ",
            "is_active": true,
            "sort_order": 5,
            "created_at": "2026-04-01T08:06:56.597Z",
            "updated_at": "2026-04-01T08:06:56.597Z"
        }
    },
    {
        "model": "spacenter.city",
        "pk": "bec5a007-2664-4b68-b0bf-58239f6c533a",
        "fields": {
            "country": "bfef61c2-9542-408f-a5ce-84ab3b4f98db",
            "name": "Sharjah",
            "name_en": "Sharjah",
            "name_ar": "в•ӘВәв”ҳГӨв•Әв”Өв•ӘВәв•Әв–’в”ҳГ©в•ӘвҢҗ",
            "state": "Sharjah",
            "state_en": "Sharjah",
            "state_ar": "в•ӘВәв”ҳГӨв•Әв”Өв•ӘВәв•Әв–’в”ҳГ©в•ӘвҢҗ",
            "is_active": true,
            "sort_order": 3,
            "created_at": "2026-04-01T08:06:56.643Z",
            "updated_at": "2026-04-01T08:06:56.643Z"
        }
    },
    {
        "model": "spacenter.city",
        "pk": "c78b80ee-11cb-4e63-abab-be375289c583",
        "fields": {
            "country": "49feecf3-d3a1-4128-a2b7-cec4b979d473",
            "name": "Farwaniya",
            "name_en": "Farwaniya",
            "name_ar": "в•ӘВәв”ҳГӨв”ҳГјв•Әв–’в”ҳГӘв•ӘВәв”ҳГҘв”ҳГЁв•ӘвҢҗ",
            "state": "Farwaniya",
            "state_en": "Farwaniya",
            "state_ar": "в•ӘВәв”ҳГӨв”ҳГјв•Әв–’в”ҳГӘв•ӘВәв”ҳГҘв”ҳГЁв•ӘвҢҗ",
            "is_active": true,
            "sort_order": 5,
            "created_at": "2026-04-01T08:06:56.627Z",
            "updated_at": "2026-04-01T08:06:56.627Z"
        }
    },
    {
        "model": "spacenter.city",
        "pk": "d0c43091-23fe-4896-840d-cf5a30b88231",
        "fields": {
            "country": "27b8faf5-86f7-496a-9d61-db7bc540ad75",
            "name": "Al Wakrah",
            "name_en": "Al Wakrah",
            "name_ar": "в•ӘВәв”ҳГӨв”ҳГӘв”ҳГўв•Әв–’в•ӘвҢҗ",
            "state": "Al Wakrah",
            "state_en": "Al Wakrah",
            "state_ar": "в•ӘВәв”ҳГӨв”ҳГӘв”ҳГўв•Әв–’в•ӘвҢҗ",
            "is_active": true,
            "sort_order": 3,
            "created_at": "2026-04-01T08:06:56.585Z",
            "updated_at": "2026-04-01T08:06:56.585Z"
        }
    },
    {
        "model": "spacenter.city",
        "pk": "d3557b58-a13d-4bfa-9a98-10932bfd5460",
        "fields": {
            "country": "49feecf3-d3a1-4128-a2b7-cec4b979d473",
            "name": "Hawalli",
            "name_en": "Hawalli",
            "name_ar": "в•ӘВЎв”ҳГӘв”ҳГӨв”ҳГЁ",
            "state": "Hawalli",
            "state_en": "Hawalli",
            "state_ar": "в•ӘВЎв”ҳГӘв”ҳГӨв”ҳГЁ",
            "is_active": true,
            "sort_order": 3,
            "created_at": "2026-04-01T08:06:56.616Z",
            "updated_at": "2026-04-01T08:06:56.616Z"
        }
    },
    {
        "model": "spacenter.city",
        "pk": "d57a8422-2ce8-438c-8338-a93280c5f4a0",
        "fields": {
            "country": "27b8faf5-86f7-496a-9d61-db7bc540ad75",
            "name": "Al Khor",
            "name_en": "Al Khor",
            "name_ar": "в•ӘВәв”ҳГӨв•ӘВ«в”ҳГӘв•Әв–’",
            "state": "Al Khor",
            "state_en": "Al Khor",
            "state_ar": "в•ӘВәв”ҳГӨв•ӘВ«в”ҳГӘв•Әв–’",
            "is_active": true,
            "sort_order": 4,
            "created_at": "2026-04-01T08:06:56.591Z",
            "updated_at": "2026-04-01T08:06:56.591Z"
        }
    },
    {
        "model": "spacenter.city",
        "pk": "ef783d8b-6e9b-4eee-90aa-db94e9ccbf56",
        "fields": {
            "country": "49feecf3-d3a1-4128-a2b7-cec4b979d473",
            "name": "Al-Ahmady",
            "name_en": "Al-Ahmady",
            "name_ar": "в•ӘВәв”ҳГӨв•ӘГәв•ӘВЎв”ҳГ в•ӘВ»в”ҳГЁ",
            "state": "",
            "state_en": null,
            "state_ar": null,
            "is_active": true,
            "sort_order": 0,
            "created_at": "2026-04-01T11:21:57.966Z",
            "updated_at": "2026-04-01T11:21:57.966Z"
        }
    },
    {
        "model": "spacenter.city",
        "pk": "fb3cb9f4-5a85-46f2-8edf-2ff5dac19fee",
        "fields": {
            "country": "49feecf3-d3a1-4128-a2b7-cec4b979d473",
            "name": "Kuwait City",
            "name_en": "Kuwait City",
            "name_ar": "в”ҳГ в•ӘВ»в”ҳГЁв”ҳГҘв•ӘвҢҗ в•ӘВәв”ҳГӨв”ҳГўв”ҳГӘв”ҳГЁв•ӘВ¬",
            "state": "Al Asimah",
            "state_en": "Al Asimah",
            "state_ar": "в•ӘВәв”ҳГӨв•Әв•Јв•ӘВәв•Әв•Ўв”ҳГ в•ӘвҢҗ",
            "is_active": true,
            "sort_order": 1,
            "created_at": "2026-04-01T08:06:56.604Z",
            "updated_at": "2026-04-01T08:06:56.604Z"
        }
    },
    {
        "model": "spacenter.spacenter",
        "pk": "30efd449-5fed-4ee0-aa34-94104f56afa7",
        "fields": {
            "name": "USH Spa О“ГҮГҙ Dubai",
            "name_en": "USH Spa О“ГҮГҙ Dubai",
            "name_ar": "в”ҳГЁв”ҳГӘ в•ӘГ‘в•Әв”Ӯ в•ӘГ‘в•ӘВ¬в•Әв”Ө в•Әв”Ӯв•ӘВҝв•ӘВә О“ГҮГҙ в•ӘВ»в•ӘВҝв”ҳГЁ",
            "slug": "ush-spa-dubai",
            "description": "Premium spa experience in Dubai, United Arab Emirates. World-class treatments and luxurious facilities.",
            "description_en": "Premium spa experience in Dubai, United Arab Emirates. World-class treatments and luxurious facilities.",
            "description_ar": "в•ӘВ¬в•ӘВјв•Әв–’в•ӘВҝв•ӘвҢҗ в•Әв”Ӯв•ӘВҝв•ӘВә в”ҳГјв•ӘВәв•ӘВ«в•Әв–’в•ӘвҢҗ в”ҳГјв”ҳГЁ в•ӘВ»в•ӘВҝв”ҳГЁв•ӘГ® в•ӘВәв”ҳГӨв•ӘГ‘в”ҳГ в•ӘВәв•Әв–’в•ӘВәв•ӘВ¬ в•ӘВәв”ҳГӨв•Әв•Јв•Әв–’в•ӘВҝв”ҳГЁв•ӘвҢҗ в•ӘВәв”ҳГӨв”ҳГ в•ӘВ¬в•ӘВЎв•ӘВ»в•ӘвҢҗ. в•Әв•Јв”ҳГӨв•ӘВәв•ӘВјв•ӘВәв•ӘВ¬ в•Әв•Јв•ӘВәв”ҳГӨв”ҳГ в”ҳГЁв•ӘвҢҗ в•ӘВәв”ҳГӨв”ҳГ в•Әв”Ӯв•ӘВ¬в”ҳГӘв”ҳГ« в”ҳГӘв”ҳГ в•Әв–’в•ӘВәв”ҳГјв”ҳГ© в”ҳГјв•ӘВ«в”ҳГ в•ӘвҢҗ.",
            "image": "spacenters/spacenter_30efd449-5fed-4ee0-aa34-94104f56afa7.jpg",
            "country": "bfef61c2-9542-408f-a5ce-84ab3b4f98db",
            "city": "1c2a1ccc-d012-4bf4-b95f-c1869f2390d9",
            "address": "Main Boulevard, Dubai",
            "address_en": "Main Boulevard, Dubai",
            "address_ar": "в•ӘВәв”ҳГӨв•Әв”Өв•ӘВәв•Әв–’в•Әв•Ј в•ӘВәв”ҳГӨв•Әв–’в•ӘВӘв”ҳГЁв•Әв”Ӯв”ҳГЁв•ӘГ® в•ӘВ»в•ӘВҝв”ҳГЁ",
            "postal_code": "",
            "latitude": null,
            "longitude": null,
            "phone": "+97140001234",
            "email": "dubai@ushspa.ae",
            "website": "",
            "default_opening_time": "09:00:00",
            "default_closing_time": "22:00:00",
            "is_active": true,
            "on_service": true,
            "sort_order": 1,
            "created_at": "2026-04-01T08:07:03.553Z",
            "updated_at": "2026-04-01T08:07:04.101Z"
        }
    },
    {
        "model": "spacenter.spacenter",
        "pk": "50003e65-fe48-4246-80f5-3208ef10cc2c",
        "fields": {
            "name": "Sharq Branch",
            "name_en": "Sharq Branch",
            "name_ar": "в”ҳГјв•Әв–’в•Әв•Ј в•Әв”Өв•Әв–’в”ҳГ©",
            "slug": "sharq-branch",
            "description": "Sharq Branch",
            "description_en": "Sharq Branch",
            "description_ar": "в”ҳГјв•Әв–’в•Әв•Ј в•Әв”Өв•Әв–’в”ҳГ©",
            "image": "spacenters/SHARQ-BRANCH-2.jpeg",
            "country": "49feecf3-d3a1-4128-a2b7-cec4b979d473",
            "city": "fb3cb9f4-5a85-46f2-8edf-2ff5dac19fee",
            "address": "Sharq- Block 4 - Martyrs Street - Plot 32 opposite Al Hamra Tower - 1st Floor",
            "address_en": "Sharq- Block 4 - Martyrs Street - Plot 32 opposite Al Hamra Tower - 1st Floor",
            "address_ar": "в•Әв”Өв•Әв–’в”ҳГ© - в”ҳГ©в•Әв•–в•Әв•Јв•ӘвҢҗ 4 - в•Әв”Өв•ӘВәв•Әв–’в•Әв•Ј в•ӘВәв”ҳГӨв•Әв”Өв”ҳГ§в•ӘВ»в•ӘВәв•ӘГӯ - в”ҳГ©в•Әв”Ӯв”ҳГЁв”ҳГ в•ӘвҢҗ 32 в”ҳГ в”ҳГ©в•ӘВәв•ӘВҝв”ҳГӨ в•ӘВҝв•Әв–’в•ӘВј в•ӘВәв”ҳГӨв•ӘВЎв”ҳГ в•Әв–’в•ӘВә- в•ӘВәв”ҳГӨв•ӘВ»в”ҳГӘв•Әв–’ 1",
            "postal_code": "",
            "latitude": null,
            "longitude": null,
            "phone": "90010335",
            "email": "",
            "website": "",
            "default_opening_time": "10:00:00",
            "default_closing_time": "23:00:00",
            "is_active": true,
            "on_service": true,
            "sort_order": 1,
            "created_at": "2026-04-01T11:24:54.427Z",
            "updated_at": "2026-04-02T10:41:56.153Z"
        }
    },
    {
        "model": "spacenter.spacenter",
        "pk": "f4b3d0ef-f1b9-4e1f-a923-bca636f6fa50",
        "fields": {
            "name": "Mangaf Branch",
            "name_en": "Mangaf Branch",
            "name_ar": "в”ҳГјв•Әв–’в•Әв•Ј в•ӘВәв”ҳГӨв”ҳГ в”ҳГҘв”ҳГ©в”ҳГј",
            "slug": "mangaf-branch",
            "description": "Mangaf Branch",
            "description_en": "Mangaf Branch",
            "description_ar": "в”ҳГјв•Әв–’в•Әв•Ј в•ӘВәв”ҳГӨв”ҳГ в”ҳГҘв”ҳГ©в”ҳГј",
            "image": "spacenters/MANGAF-BRANCH-2.jpeg",
            "country": "49feecf3-d3a1-4128-a2b7-cec4b979d473",
            "city": "ef783d8b-6e9b-4eee-90aa-db94e9ccbf56",
            "address": "Al-Manqaf - Block 4 - Naif Hamad Al-Dabbous Street - Building 1604 - 1st Floor",
            "address_en": "Al-Manqaf - Block 4 - Naif Hamad Al-Dabbous Street - Building 1604 - 1st Floor",
            "address_ar": "в•ӘВәв”ҳГӨв”ҳГ в”ҳГҘв”ҳГ©в”ҳГј - в”ҳГ©в•Әв•–в•Әв•Јв•ӘвҢҗ 4 - в•Әв”Өв•ӘВәв•Әв–’в•Әв•Ј в”ҳГҘв•ӘВәв”ҳГЁв”ҳГј  в•ӘВЎв”ҳГ в•ӘВ» в•ӘВәв”ҳГӨв•ӘВ»в•ӘВҝв”ҳГӘв•Әв”Ӯ - в•ӘВҝв”ҳГҘв•ӘВәв”ҳГЁв•ӘвҢҗ 1604 - в•ӘВәв”ҳГӨв•ӘВ»в”ҳГӘв•Әв–’ 1",
            "postal_code": "",
            "latitude": null,
            "longitude": null,
            "phone": "90010335",
            "email": "",
            "website": "",
            "default_opening_time": "10:00:00",
            "default_closing_time": "23:00:00",
            "is_active": true,
            "on_service": true,
            "sort_order": 0,
            "created_at": "2026-04-01T11:23:19.101Z",
            "updated_at": "2026-04-02T10:40:48.017Z"
        }
    },
    {
        "model": "spacenter.spacenteroperatinghours",
        "pk": "29dfece6-7eca-4e28-b236-b6f0878cb7b4",
        "fields": {
            "spa_center": "30efd449-5fed-4ee0-aa34-94104f56afa7",
            "day_of_week": 0,
            "opening_time": "09:00:00",
            "closing_time": "22:00:00",
            "is_closed": false
        }
    },
    {
        "model": "spacenter.spacenteroperatinghours",
        "pk": "6a5819d7-17bb-4da6-a1c8-68032db990fb",
        "fields": {
            "spa_center": "30efd449-5fed-4ee0-aa34-94104f56afa7",
            "day_of_week": 4,
            "opening_time": "14:00:00",
            "closing_time": "22:00:00",
            "is_closed": false
        }
    },
    {
        "model": "spacenter.spacenteroperatinghours",
        "pk": "aadd846d-ba34-451c-8c42-96e3e8000e01",
        "fields": {
            "spa_center": "30efd449-5fed-4ee0-aa34-94104f56afa7",
            "day_of_week": 3,
            "opening_time": "09:00:00",
            "closing_time": "22:00:00",
            "is_closed": false
        }
    },
    {
        "model": "spacenter.spacenteroperatinghours",
        "pk": "bc4df161-1978-4b4f-b2ba-1dcc5c24044f",
        "fields": {
            "spa_center": "30efd449-5fed-4ee0-aa34-94104f56afa7",
            "day_of_week": 6,
            "opening_time": "10:00:00",
            "closing_time": "23:00:00",
            "is_closed": false
        }
    },
    {
        "model": "spacenter.spacenteroperatinghours",
        "pk": "c045beda-80e3-4de8-a613-e98fa7a26c6e",
        "fields": {
            "spa_center": "30efd449-5fed-4ee0-aa34-94104f56afa7",
            "day_of_week": 5,
            "opening_time": "10:00:00",
            "closing_time": "23:00:00",
            "is_closed": false
        }
    },
    {
        "model": "spacenter.spacenteroperatinghours",
        "pk": "c6121648-934d-4bcb-a62c-07b46868757e",
        "fields": {
            "spa_center": "30efd449-5fed-4ee0-aa34-94104f56afa7",
            "day_of_week": 2,
            "opening_time": "09:00:00",
            "closing_time": "22:00:00",
            "is_closed": false
        }
    },
    {
        "model": "spacenter.spacenteroperatinghours",
        "pk": "ced94704-e7de-4ba2-961f-58aa4056b497",
        "fields": {
            "spa_center": "30efd449-5fed-4ee0-aa34-94104f56afa7",
            "day_of_week": 1,
            "opening_time": "09:00:00",
            "closing_time": "22:00:00",
            "is_closed": false
        }
    },
    {
        "model": "spacenter.specialty",
        "pk": "152039aa-e651-4956-bc1c-794e6424fd69",
        "fields": {
            "name": "ROYAL SUITE",
            "name_en": "ROYAL SUITE",
            "name_ar": "в•ӘВәв”ҳГӨв•ӘВјв”ҳГҘв•ӘВәв•ӘВЎ в•ӘВәв”ҳГӨв”ҳГ в”ҳГӨв”ҳГўв”ҳГЁ",
            "description": "ROYAL SUITE",
            "description_en": "ROYAL SUITE",
            "description_ar": "в•ӘВәв”ҳГӨв•ӘВјв”ҳГҘв•ӘВәв•ӘВЎ в•ӘВәв”ҳГӨв”ҳГ в”ҳГӨв”ҳГўв”ҳГЁ",
            "icon": "",
            "is_active": true,
            "sort_order": 0,
            "created_at": "2026-04-02T07:30:15.948Z",
            "updated_at": "2026-04-02T07:30:15.948Z"
        }
    },
    {
        "model": "spacenter.specialty",
        "pk": "1e606e3b-45a3-4438-b9ca-cf75f0bfd00c",
        "fields": {
            "name": "MOROCCAN",
            "name_en": "MOROCCAN",
            "name_ar": "в”ҳГ в•Әв•‘в•Әв–’в•ӘВҝв”ҳГЁ",
            "description": "MOROCCAN",
            "description_en": "MOROCCAN",
            "description_ar": "в”ҳГ в•Әв•‘в•Әв–’в•ӘВҝв”ҳГЁ",
            "icon": "",
            "is_active": true,
            "sort_order": 0,
            "created_at": "2026-04-02T07:22:58.703Z",
            "updated_at": "2026-04-02T07:22:58.703Z"
        }
    },
    {
        "model": "spacenter.specialty",
        "pk": "31a8acff-efc6-4490-b9c0-9e544bd1a0a1",
        "fields": {
            "name": "EAR CLEANING",
            "name_en": "EAR CLEANING",
            "name_ar": "в•ӘВ¬в”ҳГҘв•Әв••в”ҳГЁв”ҳГј в•ӘВәв”ҳГӨв•ӘВәв•Әв–‘в”ҳГҘ",
            "description": "EAR CLEANING",
            "description_en": "EAR CLEANING",
            "description_ar": "в•ӘВ¬в”ҳГҘв•Әв••в”ҳГЁв”ҳГј в•ӘВәв”ҳГӨв•ӘВәв•Әв–‘в”ҳГҘ",
            "icon": "",
            "is_active": true,
            "sort_order": 0,
            "created_at": "2026-04-02T06:32:50.628Z",
            "updated_at": "2026-04-06T12:28:27.015Z"
        }
    },
    {
        "model": "spacenter.specialty",
        "pk": "3ab7e059-ab34-473d-b6e2-bbebf8f9c107",
        "fields": {
            "name": "JACUZZI",
            "name_en": "JACUZZI",
            "name_ar": "в•ӘВјв•ӘВәв”ҳГўв”ҳГӘв•Әв–“в”ҳГЁ",
            "description": "JACUZZI",
            "description_en": "JACUZZI",
            "description_ar": "в•ӘВјв•ӘВәв”ҳГўв”ҳГӘв•Әв–“в”ҳГЁ",
            "icon": "",
            "is_active": true,
            "sort_order": 11,
            "created_at": "2026-04-02T06:36:59.599Z",
            "updated_at": "2026-04-02T06:46:37.045Z"
        }
    },
    {
        "model": "spacenter.specialty",
        "pk": "434e9efc-38e7-4ad4-9b9b-84991645a8b8",
        "fields": {
            "name": "MASSAGE",
            "name_en": "MASSAGE",
            "name_ar": "в•ӘВ¬в•ӘВ»в”ҳГӨв”ҳГЁв”ҳГў",
            "description": "MASSAGE",
            "description_en": "MASSAGE",
            "description_ar": "в•ӘВ¬в•ӘВ»в”ҳГӨв”ҳГЁв”ҳГў",
            "icon": "",
            "is_active": true,
            "sort_order": 1,
            "created_at": "2026-04-02T05:27:14.189Z",
            "updated_at": "2026-04-02T05:27:41.413Z"
        }
    },
    {
        "model": "spacenter.specialty",
        "pk": "4df7e42f-c08f-4d75-9a33-bbcc00279f08",
        "fields": {
            "name": "THERAPEUTIC",
            "name_en": "THERAPEUTIC",
            "name_ar": "в•Әв•Јв”ҳГӨв•ӘВәв•ӘВјв”ҳГЁ",
            "description": "THERAPEUTIC",
            "description_en": "THERAPEUTIC",
            "description_ar": "в•Әв•Јв”ҳГӨв•ӘВәв•ӘВјв”ҳГЁ",
            "icon": "",
            "is_active": true,
            "sort_order": 13,
            "created_at": "2026-04-02T06:29:01.016Z",
            "updated_at": "2026-04-02T06:46:37.052Z"
        }
    },
    {
        "model": "spacenter.specialty",
        "pk": "6d1b5add-e75c-4e64-a24e-d2ef1979e393",
        "fields": {
            "name": "SAUNA",
            "name_en": "SAUNA",
            "name_ar": "в•Әв”Ӯв•ӘВәв”ҳГӘв”ҳГҘв•ӘВә",
            "description": "SAUNA",
            "description_en": "SAUNA",
            "description_ar": "в•Әв”Ӯв•ӘВәв”ҳГӘв”ҳГҘв•ӘВә",
            "icon": "",
            "is_active": true,
            "sort_order": 12,
            "created_at": "2026-04-02T06:39:36.904Z",
            "updated_at": "2026-04-02T06:46:51.630Z"
        }
    },
    {
        "model": "spacenter.specialty",
        "pk": "77dff1fe-0ad7-4e87-99c6-7813652e45a7",
        "fields": {
            "name": "Reflexology",
            "name_en": "Reflexology",
            "name_ar": "в•ӘВәв”ҳГӨв•Әв–’в”ҳГЁв”ҳГјв”ҳГӨв”ҳГўв•Әв”Ӯв”ҳГӘв”ҳГӨв”ҳГӘв•ӘВјв”ҳГЁ",
            "description": "Pressure applied to feet and hands corresponding to body organs for holistic healing.",
            "description_en": "Pressure applied to feet and hands corresponding to body organs for holistic healing.",
            "description_ar": "в•Әв•ўв•Әв•‘в•Әв•– в•Әв•Јв”ҳГӨв”ҳГ« в•ӘВәв”ҳГӨв”ҳГ©в•ӘВ»в”ҳГ в”ҳГЁв”ҳГҘ в”ҳГӘв•ӘВәв”ҳГӨв”ҳГЁв•ӘВ»в”ҳГЁв”ҳГҘ в”ҳГЁв•ӘВ¬в”ҳГӘв•ӘВәв”ҳГјв”ҳГ© в”ҳГ в•Әв•Ј в•ӘГәв•Әв•Јв•Әв•ўв•ӘВәв•ӘГӯ в•ӘВәв”ҳГӨв•ӘВјв•Әв”Ӯв”ҳГ  в”ҳГӨв”ҳГӨв•Әв•Јв”ҳГӨв•ӘВәв•ӘВј в•ӘВәв”ҳГӨв•Әв”Өв•ӘВәв”ҳГ в”ҳГӨ.",
            "icon": "",
            "is_active": true,
            "sort_order": 9,
            "created_at": "2026-04-01T08:06:56.701Z",
            "updated_at": "2026-04-02T05:27:41.449Z"
        }
    },
    {
        "model": "spacenter.specialty",
        "pk": "7ec2b863-64ee-43cb-996a-b9f0d112d3e4",
        "fields": {
            "name": "CLEAN HAIR",
            "name_en": "CLEAN HAIR",
            "name_ar": "в•Әв”Өв•Әв•Јв•Әв–’ в”ҳГҘв•Әв••в”ҳГЁв”ҳГј",
            "description": "CLEAN HAIR",
            "description_en": "CLEAN HAIR",
            "description_ar": "в•Әв”Өв•Әв•Јв•Әв–’ в”ҳГҘв•Әв••в”ҳГЁв”ҳГј",
            "icon": "",
            "is_active": true,
            "sort_order": 10,
            "created_at": "2026-04-01T11:43:52.349Z",
            "updated_at": "2026-04-02T06:46:37.040Z"
        }
    },
    {
        "model": "spacenter.addonservice",
        "pk": "af54390b-ccd0-40c1-972e-32a58d67c030",
        "fields": {
            "name": "Extended Session (+15 min)",
            "name_en": "Extended Session (+15 min)",
            "name_ar": "в•ӘВјв”ҳГӨв•Әв”Ӯв•ӘвҢҗ в”ҳГ в”ҳГ в•ӘВ¬в•ӘВ»в•ӘвҢҗ (+15 в•ӘВ»в”ҳГ©в”ҳГЁв”ҳГ©в•ӘвҢҗ)",
            "description": "Add 15 extra minutes for deeper relaxation.",
            "description_en": "Add 15 extra minutes for deeper relaxation.",
            "description_ar": "в•ӘГәв•Әв•ўв”ҳГј 15 в•ӘВ»в”ҳГ©в”ҳГЁв”ҳГ©в•ӘвҢҗ в•ӘГ‘в•Әв•ўв•ӘВәв”ҳГјв”ҳГЁв•ӘвҢҗ в”ҳГӨв•ӘВәв•Әв”Ӯв•ӘВ¬в•Әв–’в•ӘВ«в•ӘВәв•ӘГӯ в•ӘГәв•Әв•Јв”ҳГ в”ҳГ©.",
            "duration_minutes": 15,
            "price": "50.00",
            "currency": "QAR",
            "image": "",
            "is_active": true,
            "sort_order": 5,
            "created_at": "2026-04-01T08:06:56.730Z",
            "updated_at": "2026-04-01T08:06:56.730Z"
        }
    },
    {
        "model": "spacenter.addonservice",
        "pk": "bad30e3d-3082-49d6-b74f-7f57dcb59902",
        "fields": {
            "name": "Hot Towel Treatment",
            "name_en": "Hot Towel Treatment",
            "name_ar": "в•Әв•Јв”ҳГӨв•ӘВәв•ӘВј в•ӘВәв”ҳГӨв”ҳГ в”ҳГҘв•Әв”Өв”ҳГјв•ӘвҢҗ в•ӘВәв”ҳГӨв•Әв”Ӯв•ӘВәв•ӘВ«в”ҳГҘв•ӘвҢҗ",
            "description": "Warm towel application to enhance relaxation.",
            "description_en": "Warm towel application to enhance relaxation.",
            "description_ar": "в•ӘВ¬в•Әв•–в•ӘВҝв”ҳГЁв”ҳГ© в”ҳГ в”ҳГҘв•Әв”Өв”ҳГјв•ӘвҢҗ в•ӘВ»в•ӘВәв”ҳГјв•ӘВӘв•ӘвҢҗ в”ҳГӨв•ӘВ¬в•Әв•Јв•Әв–“в”ҳГЁв•Әв–“ в•ӘВәв”ҳГӨв•ӘВәв•Әв”Ӯв•ӘВ¬в•Әв–’в•ӘВ«в•ӘВәв•ӘГӯ.",
            "duration_minutes": 10,
            "price": "25.00",
            "currency": "QAR",
            "image": "",
            "is_active": true,
            "sort_order": 1,
            "created_at": "2026-04-01T08:06:56.709Z",
            "updated_at": "2026-04-01T08:06:56.709Z"
        }
    },
    {
        "model": "spacenter.addonservice",
        "pk": "ed2d0cec-953c-4063-95fd-279312265972",
        "fields": {
            "name": "Aromatherapy Oil Upgrade",
            "name_en": "Aromatherapy Oil Upgrade",
            "name_ar": "в•ӘВ¬в•Әв–’в”ҳГ©в”ҳГЁв•ӘвҢҗ в•Әв–“в”ҳГЁв•ӘВ¬ в•ӘВәв”ҳГӨв•Әв•Јв”ҳГӨв•ӘВәв•ӘВј в•ӘВәв”ҳГӨв•Әв•Јв•Әв•–в•Әв–’в”ҳГЁ",
            "description": "Upgrade to premium essential oils.",
            "description_en": "Upgrade to premium essential oils.",
            "description_ar": "в•ӘВ¬в•Әв–’в”ҳГ©в”ҳГЁв•ӘвҢҗ в•ӘГ‘в”ҳГӨв”ҳГ« в•ӘВәв”ҳГӨв•Әв–“в”ҳГЁв”ҳГӘв•ӘВ¬ в•ӘВәв”ҳГӨв•Әв•Јв•Әв•–в•Әв–’в”ҳГЁв•ӘвҢҗ в•ӘВәв”ҳГӨв”ҳГјв•ӘВәв•ӘВ«в•Әв–’в•ӘвҢҗ.",
            "duration_minutes": 0,
            "price": "40.00",
            "currency": "QAR",
            "image": "",
            "is_active": true,
            "sort_order": 3,
            "created_at": "2026-04-01T08:06:56.721Z",
            "updated_at": "2026-04-01T08:06:56.721Z"
        }
    },
    {
        "model": "spacenter.addonservice",
        "pk": "f602228a-dfa2-4ee7-ae03-ff6954e5244f",
        "fields": {
            "name": "Foot Soak",
            "name_en": "Foot Soak",
            "name_ar": "в”ҳГҘв”ҳГ©в•Әв•Ј в•ӘВәв”ҳГӨв”ҳГ©в•ӘВ»в”ҳГ в”ҳГЁв”ҳГҘ",
            "description": "Relaxing warm foot soak with essential salts.",
            "description_en": "Relaxing warm foot soak with essential salts.",
            "description_ar": "в”ҳГҘв”ҳГ©в•Әв•Ј в•ӘВ»в•ӘВәв”ҳГјв•ӘВӘ в”ҳГӘв”ҳГ в•Әв–’в”ҳГЁв•ӘВЎ в”ҳГӨв”ҳГӨв”ҳГ©в•ӘВ»в”ҳГ в”ҳГЁв”ҳГҘ в•ӘВҝв•ӘГәв”ҳГ в”ҳГӨв•ӘВәв•ӘВЎ в•Әв•Јв•Әв•–в•Әв–’в”ҳГЁв•ӘвҢҗ.",
            "duration_minutes": 10,
            "price": "20.00",
            "currency": "QAR",
            "image": "",
            "is_active": true,
            "sort_order": 4,
            "created_at": "2026-04-01T08:06:56.725Z",
            "updated_at": "2026-04-01T08:06:56.725Z"
        }
    },
    {
        "model": "spacenter.addonservice",
        "pk": "f7ccff92-8594-44ad-b18c-8b46851bbce1",
        "fields": {
            "name": "Scalp Massage",
            "name_en": "Scalp Massage",
            "name_ar": "в”ҳГ в•Әв”Ӯв•ӘВәв•ӘВј в”ҳГјв•Әв–’в”ҳГӘв•ӘвҢҗ в•ӘВәв”ҳГӨв•Әв–’в•ӘГәв•Әв”Ӯ",
            "description": "Invigorating head massage to relieve tension.",
            "description_en": "Invigorating head massage to relieve tension.",
            "description_ar": "в”ҳГ в•Әв”Ӯв•ӘВәв•ӘВј в”ҳГ в”ҳГҘв•Әв•Јв•Әв”Ө в”ҳГӨв”ҳГӨв•Әв–’в•ӘГәв•Әв”Ӯ в”ҳГӨв•ӘВ¬в•ӘВ«в”ҳГјв”ҳГЁв”ҳГј в•ӘВәв”ҳГӨв•ӘВ¬в”ҳГӘв•ӘВ¬в•Әв–’.",
            "duration_minutes": 15,
            "price": "35.00",
            "currency": "QAR",
            "image": "",
            "is_active": true,
            "sort_order": 2,
            "created_at": "2026-04-01T08:06:56.715Z",
            "updated_at": "2026-04-01T08:06:56.715Z"
        }
    },
    {
        "model": "spacenter.service",
        "pk": "027729f9-fd7a-41f5-af1f-7fe38d2209ec",
        "fields": {
            "name": "PREGNANT MASSAGE",
            "name_en": "PREGNANT MASSAGE",
            "name_ar": "в”ҳГ в•Әв”Ӯв•ӘВәв•ӘВј в•ӘВәв”ҳГӨв•ӘВЎв•ӘВәв”ҳГ в”ҳГӨ",
            "description": "This massage caters to the needs of women during pregnancy, providing comfort\r\nand relaxation, relieving pain, improving blood circulation, and reducing swelling\r\nand foot edema",
            "description_en": "This massage caters to the needs of women during pregnancy, providing comfort\r\nand relaxation, relieving pain, improving blood circulation, and reducing swelling\r\nand foot edema",
            "description_ar": "в•ӘВәв”ҳГӨв”ҳГ в•Әв”Ӯв•ӘВәв•ӘВј в•ӘВәв”ҳГӨв•Әв–‘в”ҳГЁ в”ҳГЁв”ҳГӨв•ӘВҝв”ҳГЁ в•ӘВәв•ӘВЎв•ӘВ¬в”ҳГЁв•ӘВәв•ӘВјв•ӘВәв•ӘВ¬ в•ӘВәв”ҳГӨв”ҳГ в•Әв–’в•ӘГәв•ӘвҢҗ в•ӘГәв•ӘВҪв”ҳГҘв•ӘВәв•ӘГӯ в”ҳГјв•ӘВ¬в•Әв–’в•ӘвҢҗ в•ӘВәв”ҳГӨв•ӘВЎв”ҳГ в”ҳГӨ в”ҳГЁв•Әв•Јв”ҳГ в”ҳГӨ в•Әв•Јв”ҳГӨв”ҳГ« в•ӘВ¬в”ҳГӘв”ҳГјв”ҳГЁв•Әв–’ в•ӘВәв”ҳГӨв•Әв–’в•ӘВәв•ӘВЎв•ӘвҢҗ в”ҳГӘв•ӘВәв”ҳГӨв•ӘВәв•Әв”Ӯв•ӘВ¬в•Әв–’в•ӘВ«в•ӘВәв•ӘГӯ в”ҳГӘв•ӘВ¬в•ӘВ«в”ҳГјв”ҳГЁв”ҳГј\r\nв•ӘВәв”ҳГӨв•ӘВәв”ҳГ  в”ҳГӘв•ӘВ¬в•ӘВЎв•Әв”Ӯв”ҳГЁв”ҳГҘ в•ӘВәв”ҳГӨв•ӘВ»в”ҳГӘв•Әв–’в•ӘвҢҗ в•ӘВәв”ҳГӨв•ӘВ»в”ҳГ в”ҳГӘв”ҳГЁв•ӘвҢҗ в”ҳГӘв•ӘВ¬в•ӘВ«в”ҳГјв”ҳГЁв”ҳГј в•ӘВәв”ҳГҘв•ӘВ¬в”ҳГјв•ӘВәв•ӘВ«в•ӘВәв•ӘВ¬ в”ҳГӘв•ӘВ¬в”ҳГӘв•Әв–’в”ҳГ  в•ӘВәв”ҳГӨв”ҳГ©в•ӘВ»в”ҳГ ",
            "specialty": "434e9efc-38e7-4ad4-9b9b-84991645a8b8",
            "country": "49feecf3-d3a1-4128-a2b7-cec4b979d473",
            "city": "fb3cb9f4-5a85-46f2-8edf-2ff5dac19fee",
            "duration_minutes": 60,
            "currency": "KWD",
            "base_price": "24.00",
            "discount_price": null,
            "is_for_male": false,
            "is_for_female": true,
            "ideal_for": "",
            "ideal_for_en": null,
            "ideal_for_ar": null,
            "benefits": [],
            "spa_center": "50003e65-fe48-4246-80f5-3208ef10cc2c",
            "is_eligible_for_loyalty": true,
            "is_active": true,
            "sort_order": 0,
            "created_at": "2026-04-02T07:00:30.578Z",
            "updated_at": "2026-04-02T07:00:30.578Z",
            "add_on_services": []
        }
    },
    {
        "model": "spacenter.service",
        "pk": "02f857bb-0536-4958-9c68-3d134be875cd",
        "fields": {
            "name": "HERBEL MASSAGE",
            "name_en": "HERBEL MASSAGE",
            "name_ar": "в”ҳГ в•Әв”Ӯв”ҳГҮв”ҳГҮв”ҳГҮв”ҳГҮв”ҳГҮв”ҳГҮв”ҳГҮв”ҳГҮв•ӘВәв•ӘВј в•ӘВәв”ҳГӨв•ӘВәв•Әв•Јв•Әв”Өв”ҳГҮв”ҳГҮв”ҳГҮв”ҳГҮв”ҳГҮв”ҳГҮв”ҳГҮв”ҳГҮв•ӘВәв•ӘВҝ",
            "description": "It helps relieve pain and fatigue, warm up and relax the muscles, which enhances\r\nmuscle relaxation and aids in eliminating toxins from the body thanks to the deep\r\nheat effect.",
            "description_en": "It helps relieve pain and fatigue, warm up and relax the muscles, which enhances\r\nmuscle relaxation and aids in eliminating toxins from the body thanks to the deep\r\nheat effect.",
            "description_ar": "в”ҳГЁв•Әв•Јв”ҳГ в”ҳГӨ в•Әв•Јв”ҳГӨв”ҳГ« в•ӘВ¬в•ӘВ«в”ҳГјв”ҳГЁв”ҳГј в•ӘВәв”ҳГӨв•ӘВ¬в”ҳГӘв•ӘВ¬в•Әв–’ в”ҳГӘв•ӘВ¬в”ҳГ§в•ӘВ»в•ӘВӘв•ӘвҢҗ в•ӘВәв”¬Гәв•Әв•Јв•Әв•Ўв•ӘВәв•ӘВҝ в”ҳГӘв•ӘВ¬в•ӘВЎв•Әв”Ӯв”ҳГЁв”ҳГҘ в•ӘВәв”ҳГӨв•ӘВ»в”ҳГӘв•Әв–’в•ӘвҢҗ в•ӘВәв”ҳГӨв•ӘВ»в”ҳГ в”ҳГӘв”ҳГЁв•ӘвҢҗ в”ҳГӘв•ӘВ¬в•ӘВ«в”ҳГјв”ҳГЁв”ҳГҮв”ҳГҮв”ҳГҮв”ҳГј в•ӘГів”ҳГӨв•ӘВәв”ҳГ  в•ӘВәв”ҳГӨв”ҳГ в”ҳГјв”ҳГҮв•ӘВәв•Әв•Ўв”ҳГӨ\r\nв”ҳГӘв•ӘВәв”ҳГӨв•Әв•Јв•Әв•ўв”ҳГӨв•ӘВәв•ӘВ¬",
            "specialty": "434e9efc-38e7-4ad4-9b9b-84991645a8b8",
            "country": "49feecf3-d3a1-4128-a2b7-cec4b979d473",
            "city": "fb3cb9f4-5a85-46f2-8edf-2ff5dac19fee",
            "duration_minutes": 60,
            "currency": "KWD",
            "base_price": "25.00",
            "discount_price": null,
            "is_for_male": false,
            "is_for_female": true,
            "ideal_for": "",
            "ideal_for_en": null,
            "ideal_for_ar": null,
            "benefits": [],
            "spa_center": "50003e65-fe48-4246-80f5-3208ef10cc2c",
            "is_eligible_for_loyalty": true,
            "is_active": true,
            "sort_order": 0,
            "created_at": "2026-04-02T07:07:37.738Z",
            "updated_at": "2026-04-02T07:09:08.740Z",
            "add_on_services": []
        }
    },
    {
        "model": "spacenter.service",
        "pk": "0fb870dc-dc9e-43ac-be11-1ec2c2813d91",
        "fields": {
            "name": "USH SAUNA",
            "name_en": "USH SAUNA",
            "name_ar": "в•Әв”Ӯв•ӘВәв”ҳГӘв”ҳГҘв•ӘВә в•ӘГәв”ҳГӘв•Әв”Ө",
            "description": "Sauna helps your body release toxins & stress, boosts circulation, and energizes body & mind",
            "description_en": "Sauna helps your body release toxins & stress, boosts circulation, and energizes body & mind",
            "description_ar": "в•ӘВәв”ҳГӨв•Әв”Ӯв”ҳГҮв”ҳГҮв”ҳГҮв•ӘВәв”ҳГӘв”ҳГҘв•ӘВә в•ӘВ¬в•ӘВ«в”ҳГӨв”ҳГЁ в•ӘВјв•Әв”Ӯв”ҳГ в•ӘВј в”ҳГЁв•ӘВ¬в•ӘВ«в”ҳГӨв•Әв•Ў в”ҳГ в”ҳГҘ в•ӘВәв”ҳГӨв•Әв”Ӯв”ҳГ в”ҳГӘв”ҳГ  в”ҳГӘв•ӘВәв”ҳГӨв•Әв•ўв•Әв•‘в•Әв•– в•ӘВәв”ҳГӨв”ҳГҘв”ҳГјв•Әв”Ӯв”ҳГЁ\r\nв•ӘВ¬в•ӘВЎв•Әв”Ӯв”ҳГҘ в•ӘВәв”ҳГӨв•ӘВ»в”ҳГӘв•Әв–’в•ӘвҢҗ в•ӘВәв”ҳГӨв•ӘВ»в”ҳГ в”ҳГӘв”ҳГЁв•ӘвҢҗ в”ҳГӘв•ӘВ¬в•Әв•Јв•Әв•–в”ҳГЁв•ӘВј в•ӘГ‘в•ӘВЎв•Әв”Ӯв•ӘВәв•Әв”Ӯ в•ӘВҝв•ӘВәв”ҳГӨв•Әв–’в•ӘВәв•ӘВЎв•ӘвҢҗ в”ҳГӘв•ӘВ¬в•Әв”Ӯв”ҳГҮв”ҳГҮв•ӘВәв•Әв•Јв”ҳГҮв”ҳГҮв”ҳГҮв”ҳГҮв”ҳГҮв•ӘВ» в•Әв•Јв”ҳГӨв”ҳГ« в•ӘВ¬в”ҳГҘв•Әв”Өв”ҳГЁв”ҳГҮв”ҳГҮв”ҳГҮв”ҳГҮв”ҳГҮв•Әв•– в•ӘВәв”ҳГӨв•ӘВјв•Әв”Ӯв”ҳГҮв”ҳГҮв”ҳГҮв”ҳГҮв”ҳГҮв”ҳГ  в”ҳГӘв•ӘВәв”ҳГӨв•Әв•Јв”ҳГ©в”ҳГҮв”ҳГҮв”ҳГҮв”ҳГҮв”ҳГӨ",
            "specialty": "6d1b5add-e75c-4e64-a24e-d2ef1979e393",
            "country": "49feecf3-d3a1-4128-a2b7-cec4b979d473",
            "city": "ef783d8b-6e9b-4eee-90aa-db94e9ccbf56",
            "duration_minutes": 15,
            "currency": "KWD",
            "base_price": "5.00",
            "discount_price": null,
            "is_for_male": false,
            "is_for_female": true,
            "ideal_for": "",
            "ideal_for_en": null,
            "ideal_for_ar": null,
            "benefits": [],
            "spa_center": "f4b3d0ef-f1b9-4e1f-a923-bca636f6fa50",
            "is_eligible_for_loyalty": true,
            "is_active": true,
            "sort_order": 0,
            "created_at": "2026-04-02T06:40:11.371Z",
            "updated_at": "2026-04-02T06:40:11.371Z",
            "add_on_services": []
        }
    },
    {
        "model": "spacenter.service",
        "pk": "23c1d373-142e-4c64-b05f-1ed5105bac39",
        "fields": {
            "name": "GOLDEN MOROCCAN PACKAGE",
            "name_en": "GOLDEN MOROCCAN PACKAGE",
            "name_ar": "в•ӘВҝв•ӘВәв”ҳГ©в•ӘвҢҗ в•ӘВәв”ҳГӨв•ӘВЎв”ҳГ в•ӘВәв”ҳГ  в•ӘВәв”ҳГӨв”ҳГ в•Әв•‘в•Әв–’в•ӘВҝв”ҳГЁ в•ӘВәв”ҳГӨв•Әв–‘в”ҳГ§в•ӘВҝв”ҳГЁв•ӘвҢҗ",
            "description": "Royal Moroccan Hammam + 1-hour Massage + Jacuzzi or Sauna (15 min) Choose between a jacuzzi or sauna to refresh your body and soul.",
            "description_en": "Royal Moroccan Hammam + 1-hour Massage + Jacuzzi or Sauna (15 min) Choose between a jacuzzi or sauna to refresh your body and soul.",
            "description_ar": "в•ӘВЎв”ҳГ в•ӘВәв”ҳГ  в”ҳГ в•Әв•‘в•Әв–’в•ӘВҝв”ҳГЁ в”ҳГ в”ҳГӨв”ҳГўв”ҳГЁ + в”ҳГ в•Әв”Ӯв•ӘВәв•ӘВј в”ҳГӨв”ҳГ в•ӘВ»в•ӘвҢҗ в•Әв”Ӯв•ӘВәв•Әв•Јв•ӘвҢҗ + в•ӘВјв•ӘВәв”ҳГўв”ҳГӘв•Әв–“в”ҳГЁ в•ӘГәв”ҳГӘ в•Әв”Ӯв•ӘВәв”ҳГӘв”ҳГҘв•ӘВә (15 в•ӘВ»в”ҳГ©в”ҳГЁв”ҳГ©в•ӘвҢҗ) в•ӘВәв•ӘВ«в•ӘВ¬в•Әв–’ в•ӘВҝв”ҳГЁв”ҳГҘ в•ӘВәв”ҳГӨв•ӘВјв•ӘВәв”ҳГўв”ҳГӘв•Әв–“в”ҳГЁ в•ӘГәв”ҳГӘ в•ӘВәв”ҳГӨв•Әв”Ӯв•ӘВәв”ҳГӘв”ҳГҘв•ӘВә в”ҳГӨв•ӘВ¬в”ҳГҘв•Әв•Јв•Әв”Өв”ҳГЁ в•ӘВјв•Әв”Ӯв”ҳГ в”ҳГў в”ҳГӘв•Әв–’в”ҳГӘв•ӘВЎв”ҳГў.",
            "specialty": "152039aa-e651-4956-bc1c-794e6424fd69",
            "country": "49feecf3-d3a1-4128-a2b7-cec4b979d473",
            "city": "fb3cb9f4-5a85-46f2-8edf-2ff5dac19fee",
            "duration_minutes": 180,
            "currency": "KWD",
            "base_price": "61.00",
            "discount_price": null,
            "is_for_male": false,
            "is_for_female": true,
            "ideal_for": "",
            "ideal_for_en": null,
            "ideal_for_ar": null,
            "benefits": [],
            "spa_center": "50003e65-fe48-4246-80f5-3208ef10cc2c",
            "is_eligible_for_loyalty": true,
            "is_active": true,
            "sort_order": 0,
            "created_at": "2026-04-02T07:33:07.953Z",
            "updated_at": "2026-04-02T07:33:07.954Z",
            "add_on_services": []
        }
    },
    {
        "model": "spacenter.service",
        "pk": "2adcd096-b9ee-4738-8122-b68df6f4084b",
        "fields": {
            "name": "USH JACUZZI",
            "name_en": "USH JACUZZI",
            "name_ar": "в•ӘВјв•ӘВәв”ҳГўв”ҳГӘв•Әв–“в”ҳГЁ в•ӘГәв”ҳГӘв•Әв”Ө",
            "description": "A Jaccuzi Session relieves muscle fatigue after a long day.\r\nIt calms the mind and leaves you feeling energetic, and invigorated from the first moment",
            "description_en": "A Jaccuzi Session relieves muscle fatigue after a long day.\r\nIt calms the mind and leaves you feeling energetic, and invigorated from the first moment",
            "description_ar": "в”ҳГЁв•ӘВ«в”ҳГјв”ҳГј в•ӘВ¬в•Әв•Јв•ӘВҝ в•ӘВәв”ҳГӨв•Әв•Јв•Әв•ўв”ҳГӨв•ӘВәв•ӘВ¬ в•ӘВҝв•Әв•Јв•ӘВ» в”ҳГЁв”ҳГӘв”ҳГ  в•Әв•–в”ҳГӘв”ҳГЁв”ҳГӨ\r\nв”ҳГЁв”ҳГ§в•ӘВ»в”ҳГЁ в•ӘВәв”ҳГӨв•Әв•Јв”ҳГ©в”ҳГҮв”ҳГҮв”ҳГҮв”ҳГҮв”ҳГҮв”ҳГӨ в”ҳГӘв”ҳГЁв•ӘВ«в”ҳГӨв”ҳГҮв”ҳГҮв”ҳГҮв”ҳГҮв”ҳГҮв”ҳГҮв”ҳГҮв”ҳГҮв”ҳГЁ в•ӘВҝв•ӘВәв”ҳГӨв”ҳГў в”ҳГ в•Әв–’в•ӘВ¬в•ӘВәв•ӘВЎ в”ҳГӘв”ҳГЁв•ӘВЎв•Әв”Ӯв•Әв”Ӯв”ҳГў в•ӘВҝв•ӘВәв”ҳГӨв”ҳГҘв•Әв”Өв•ӘВәв•Әв•– в”ҳГӘв•ӘВәв”ҳГӨв•ӘВЎв”ҳГЁв”ҳГӘв”ҳГЁв•ӘвҢҗ в”ҳГ в”ҳГҘ в•ӘГәв”ҳГӘв”ҳГӨ в”ҳГӨв•ӘВЎв•Әв••в•ӘвҢҗ",
            "specialty": "3ab7e059-ab34-473d-b6e2-bbebf8f9c107",
            "country": "49feecf3-d3a1-4128-a2b7-cec4b979d473",
            "city": "ef783d8b-6e9b-4eee-90aa-db94e9ccbf56",
            "duration_minutes": 15,
            "currency": "KWD",
            "base_price": "5.00",
            "discount_price": null,
            "is_for_male": false,
            "is_for_female": true,
            "ideal_for": "",
            "ideal_for_en": null,
            "ideal_for_ar": null,
            "benefits": [],
            "spa_center": "f4b3d0ef-f1b9-4e1f-a923-bca636f6fa50",
            "is_eligible_for_loyalty": true,
            "is_active": true,
            "sort_order": 14,
            "created_at": "2026-04-02T06:38:09.980Z",
            "updated_at": "2026-04-02T11:28:36.111Z",
            "add_on_services": []
        }
    },
    {
        "model": "spacenter.service",
        "pk": "2f6133f6-a92d-44c6-bd8d-096eb7a8b008",
        "fields": {
            "name": "THERAPY MASSAGE",
            "name_en": "THERAPY MASSAGE",
            "name_ar": "в”ҳГ в•Әв”Ӯв”ҳГҮв”ҳГҮв”ҳГҮв”ҳГҮв”ҳГҮв•ӘВәв•ӘВј в•Әв•Јв”ҳГӨв•ӘВәв•ӘВјв”ҳГҮв”ҳГҮв”ҳГҮв”ҳГЁ",
            "description": "It helps in Reducing psychological pressure в•ӘГ® Reducing mental stress в•ӘГ® Relieving tension and pain в•ӘГ® Improving blood circulation в•ӘГ® Enhancing overall body functions.",
            "description_en": "It helps in Reducing psychological pressure в•ӘГ® Reducing mental stress в•ӘГ® Relieving tension and pain в•ӘГ® Improving blood circulation в•ӘГ® Enhancing overall body functions.",
            "description_ar": "в”ҳГЁв•Әв•Јв”ҳГ в”ҳГӨ в•Әв•Јв”ҳГӨв”ҳГ« в•ӘВ¬в•ӘВ«в”ҳГјв”ҳГЁв”ҳГј в•ӘВәв”ҳГӨв•Әв•ўв•Әв•‘в•Әв•– в•ӘВәв”ҳГӨв”ҳГҘв”ҳГјв•Әв”Ӯв”ҳГҮв”ҳГЁ в•ӘГ® в•ӘВ¬в•ӘВ«в”ҳГјв”ҳГЁв”ҳГҮв”ҳГј в•ӘВәв”ҳГӨв•ӘВ¬в”ҳГҮв”ҳГӘв•ӘВ¬в”ҳГҮв•Әв–’ в•ӘВәв”ҳГӨв•Әв•Јв”ҳГ©в”ҳГӨв”ҳГҮв”ҳГЁ в•ӘГ® в•ӘВ¬в•ӘВ«в”ҳГјв”ҳГЁв”ҳГҮв”ҳГј в•ӘВәв”ҳГӨв•ӘВ¬в”ҳГӘв•ӘВ¬в”ҳГҮв•Әв–’ в”ҳГӘв•ӘВәв”ҳГӨв•ӘВәв”ҳГӨв”ҳГ  в•ӘГ® в•ӘВ¬в•ӘВЎв•Әв”Ӯв”ҳГЁв”ҳГҮв”ҳГҘ в•ӘВәв”ҳГӨв”ҳГҮв•ӘВ»в”ҳГӘв•Әв–’в•ӘвҢҗ в•ӘВәв”ҳГӨв•ӘВ»в”ҳГ в”ҳГӘв”ҳГЁв•ӘвҢҗ в•ӘГ® в•ӘВ¬в•ӘВЎв•Әв”Ӯв”ҳГЁв”ҳГҘ в”ҳГӘв•Әв••в•ӘВәв•ӘВӘв”ҳГј в•ӘВәв”ҳГӨв•ӘВјв•Әв”Ӯв”ҳГ  в•ӘВҝв•Әв”Өв”ҳГўв”ҳГӨ в•Әв•Јв”ҳГҮв”ҳГҮв•ӘВәв”ҳГ ",
            "specialty": "434e9efc-38e7-4ad4-9b9b-84991645a8b8",
            "country": "49feecf3-d3a1-4128-a2b7-cec4b979d473",
            "city": "ef783d8b-6e9b-4eee-90aa-db94e9ccbf56",
            "duration_minutes": 60,
            "currency": "KWD",
            "base_price": "24.00",
            "discount_price": null,
            "is_for_male": false,
            "is_for_female": true,
            "ideal_for": "",
            "ideal_for_en": null,
            "ideal_for_ar": null,
            "benefits": [],
            "spa_center": "f4b3d0ef-f1b9-4e1f-a923-bca636f6fa50",
            "is_eligible_for_loyalty": true,
            "is_active": true,
            "sort_order": 3,
            "created_at": "2026-04-02T05:38:33.213Z",
            "updated_at": "2026-04-02T05:55:43.225Z",
            "add_on_services": []
        }
    },
    {
        "model": "spacenter.service",
        "pk": "30145ca8-e645-4a51-9fc3-b1f98691a5c9",
        "fields": {
            "name": "PAMPERING PACKAGE",
            "name_en": "PAMPERING PACKAGE",
            "name_ar": "в•ӘВҝв•ӘВәв”ҳГ©в•ӘвҢҗ в•ӘВәв”ҳГӨв•ӘВ»в”ҳГӨв•ӘВәв”ҳГӨ",
            "description": "1-hour Massage + Jacuzzi & Sauna (15 min each) Your special moments in your private suite",
            "description_en": "1-hour Massage + Jacuzzi & Sauna (15 min each) Your special moments in your private suite",
            "description_ar": "в•ӘВјв”ҳГӨв•Әв”Ӯв•ӘвҢҗ в•ӘВ¬в•ӘВ»в”ҳГӨв”ҳГЁв”ҳГў в”ҳГӨв”ҳГ в•ӘВ»в•ӘвҢҗ в•Әв”Ӯв•ӘВәв•Әв•Јв•ӘвҢҗ + в•ӘВјв•ӘВәв”ҳГўв”ҳГӘв•Әв–“в”ҳГЁ в”ҳГӘв•Әв”Ӯв•ӘВәв”ҳГӘв”ҳГҘв•ӘВә (15 в•ӘВ»в”ҳГ©в”ҳГЁв”ҳГ©в•ӘвҢҗ в”ҳГӨв”ҳГўв”ҳГӨ в”ҳГ в”ҳГҘв”ҳГ§в”ҳГ в•ӘВә) в”ҳГӨв•ӘВЎв•Әв••в•ӘВәв•ӘВ¬в”ҳГў в•ӘВәв”ҳГӨв•ӘВ«в•ӘВәв•Әв•Ўв•ӘвҢҗ в”ҳГјв”ҳГЁ в•ӘВјв”ҳГҘв•ӘВәв•ӘВЎв”ҳГў в•ӘВәв”ҳГӨв•ӘВ«в•ӘВәв•Әв•Ў",
            "specialty": "152039aa-e651-4956-bc1c-794e6424fd69",
            "country": "49feecf3-d3a1-4128-a2b7-cec4b979d473",
            "city": "fb3cb9f4-5a85-46f2-8edf-2ff5dac19fee",
            "duration_minutes": 120,
            "currency": "KWD",
            "base_price": "44.00",
            "discount_price": null,
            "is_for_male": false,
            "is_for_female": true,
            "ideal_for": "",
            "ideal_for_en": null,
            "ideal_for_ar": null,
            "benefits": [],
            "spa_center": "50003e65-fe48-4246-80f5-3208ef10cc2c",
            "is_eligible_for_loyalty": true,
            "is_active": true,
            "sort_order": 0,
            "created_at": "2026-04-02T07:35:18.312Z",
            "updated_at": "2026-04-02T07:35:18.312Z",
            "add_on_services": []
        }
    },
    {
        "model": "spacenter.service",
        "pk": "35f49daf-5b5c-49f8-99b8-096f0584d34e",
        "fields": {
            "name": "Moroccan bath USH",
            "name_en": "Moroccan bath USH",
            "name_ar": "в•ӘВЎв”ҳГ в•ӘВәв”ҳГ  в”ҳГ в•Әв•‘в•Әв–’в•ӘВҝв”ҳГЁ в•ӘВәв”ҳГӘв•Әв”Ө",
            "description": "Moroccan bath USH",
            "description_en": "Moroccan bath USH",
            "description_ar": "в•ӘВЎв”ҳГ в•ӘВәв”ҳГ  в”ҳГ в•Әв•‘в•Әв–’в•ӘВҝв”ҳГЁ в•ӘВәв”ҳГӘв•Әв”Ө",
            "specialty": "1e606e3b-45a3-4438-b9ca-cf75f0bfd00c",
            "country": "49feecf3-d3a1-4128-a2b7-cec4b979d473",
            "city": "fb3cb9f4-5a85-46f2-8edf-2ff5dac19fee",
            "duration_minutes": 60,
            "currency": "KWD",
            "base_price": "22.00",
            "discount_price": null,
            "is_for_male": false,
            "is_for_female": true,
            "ideal_for": "",
            "ideal_for_en": null,
            "ideal_for_ar": null,
            "benefits": [],
            "spa_center": "50003e65-fe48-4246-80f5-3208ef10cc2c",
            "is_eligible_for_loyalty": true,
            "is_active": true,
            "sort_order": 0,
            "created_at": "2026-04-02T07:23:54.464Z",
            "updated_at": "2026-04-02T07:23:54.464Z",
            "add_on_services": []
        }
    },
    {
        "model": "spacenter.service",
        "pk": "417d6d2b-86ac-4e36-87a0-74085554a5ec",
        "fields": {
            "name": "USH SAUNA",
            "name_en": "USH SAUNA",
            "name_ar": "в•Әв”Ӯв•ӘВәв”ҳГӘв”ҳГҘв•ӘВә в•ӘГәв”ҳГӘв•Әв”Ө",
            "description": "Sauna helps your body release toxins & stress, boosts circulation, and energizes body & mind",
            "description_en": "Sauna helps your body release toxins & stress, boosts circulation, and energizes body & mind",
            "description_ar": "в•ӘВәв”ҳГӨв•Әв”Ӯв”ҳГҮв”ҳГҮв”ҳГҮв•ӘВәв”ҳГӘв”ҳГҘв•ӘВә в•ӘВ¬в•ӘВ«в”ҳГӨв”ҳГЁ в•ӘВјв•Әв”Ӯв”ҳГ в•ӘВј в”ҳГЁв•ӘВ¬в•ӘВ«в”ҳГӨв•Әв•Ў в”ҳГ в”ҳГҘ в•ӘВәв”ҳГӨв•Әв”Ӯв”ҳГ в”ҳГӘв”ҳГ  в”ҳГӘв•ӘВәв”ҳГӨв•Әв•ўв•Әв•‘в•Әв•– в•ӘВәв”ҳГӨв”ҳГҘв”ҳГјв•Әв”Ӯв”ҳГЁ\r\nв•ӘВ¬в•ӘВЎв•Әв”Ӯв”ҳГҘ в•ӘВәв”ҳГӨв•ӘВ»в”ҳГӘв•Әв–’в•ӘвҢҗ в•ӘВәв”ҳГӨв•ӘВ»в”ҳГ в”ҳГӘв”ҳГЁв•ӘвҢҗ в”ҳГӘв•ӘВ¬в•Әв•Јв•Әв•–в”ҳГЁв•ӘВј в•ӘГ‘в•ӘВЎв•Әв”Ӯв•ӘВәв•Әв”Ӯ в•ӘВҝв•ӘВәв”ҳГӨв•Әв–’в•ӘВәв•ӘВЎв•ӘвҢҗ в”ҳГӘв•ӘВ¬в•Әв”Ӯв”ҳГҮв”ҳГҮв•ӘВәв•Әв•Јв”ҳГҮв”ҳГҮв”ҳГҮв”ҳГҮв”ҳГҮв•ӘВ» в•Әв•Јв”ҳГӨв”ҳГ« в•ӘВ¬в”ҳГҘв•Әв”Өв”ҳГЁв”ҳГҮв”ҳГҮв”ҳГҮв”ҳГҮв”ҳГҮв•Әв•– в•ӘВәв”ҳГӨв•ӘВјв•Әв”Ӯв”ҳГҮв”ҳГҮв”ҳГҮв”ҳГҮв”ҳГҮв”ҳГ  в”ҳГӘв•ӘВәв”ҳГӨв•Әв•Јв”ҳГ©в”ҳГҮв”ҳГҮв”ҳГҮв”ҳГҮв”ҳГӨ",
            "specialty": "6d1b5add-e75c-4e64-a24e-d2ef1979e393",
            "country": "49feecf3-d3a1-4128-a2b7-cec4b979d473",
            "city": "fb3cb9f4-5a85-46f2-8edf-2ff5dac19fee",
            "duration_minutes": 15,
            "currency": "KWD",
            "base_price": "5.00",
            "discount_price": null,
            "is_for_male": false,
            "is_for_female": true,
            "ideal_for": "",
            "ideal_for_en": null,
            "ideal_for_ar": null,
            "benefits": [],
            "spa_center": "50003e65-fe48-4246-80f5-3208ef10cc2c",
            "is_eligible_for_loyalty": true,
            "is_active": true,
            "sort_order": 0,
            "created_at": "2026-04-02T07:21:28.427Z",
            "updated_at": "2026-04-02T07:21:28.427Z",
            "add_on_services": []
        }
    },
    {
        "model": "spacenter.service",
        "pk": "4622ac08-60d1-4f07-b7b5-b68b33be8cbe",
        "fields": {
            "name": "ROYAL PACKAGE",
            "name_en": "ROYAL PACKAGE",
            "name_ar": "в•ӘВәв”ҳГӨв•ӘВҝв•ӘВәв”ҳГ©в•ӘвҢҗ в•ӘВәв”ҳГӨв”ҳГ в”ҳГӨв”ҳГўв”ҳГЁв•ӘвҢҗ",
            "description": "Royal Moroccan Hammam + 1-hour Massage + Jacuzzi & Sauna (15 min each) A magical royal experience in your private suite",
            "description_en": "Royal Moroccan Hammam + 1-hour Massage + Jacuzzi & Sauna (15 min each) A magical royal experience in your private suite",
            "description_ar": "в•ӘВЎв”ҳГ в•ӘВәв”ҳГ  в”ҳГ в•Әв•‘в•Әв–’в•ӘВҝв”ҳГЁ в”ҳГ в”ҳГӨв”ҳГўв”ҳГЁ + в•ӘВјв”ҳГӨв•Әв”Ӯв•ӘвҢҗ в•ӘВ¬в•ӘВ»в”ҳГӨв”ҳГЁв”ҳГў в”ҳГӨв”ҳГ в•ӘВ»в•ӘвҢҗ в•Әв”Ӯв•ӘВәв•Әв•Јв•ӘвҢҗ + в•ӘВјв•ӘВәв”ҳГўв”ҳГӘв•Әв–“в”ҳГЁ в”ҳГӘв•Әв”Ӯв•ӘВәв”ҳГӘв”ҳГҘв•ӘВә (15 в•ӘВ»в”ҳГ©в”ҳГЁв”ҳГ©в•ӘвҢҗ в”ҳГӨв”ҳГўв”ҳГӨ в”ҳГ в”ҳГҘв”ҳГ§в”ҳГ в•ӘВә) в•ӘВ¬в•ӘВјв•Әв–’в•ӘВҝв•ӘвҢҗ в”ҳГ в”ҳГӨв”ҳГўв”ҳГЁв•ӘвҢҗ в•Әв”Ӯв•ӘВәв•ӘВЎв•Әв–’в•ӘвҢҗ в”ҳГјв”ҳГЁ в•ӘВјв”ҳГҘв•ӘВәв•ӘВЎв”ҳГў в•ӘВәв”ҳГӨв•ӘВ«в•ӘВәв•Әв•Ў",
            "specialty": "152039aa-e651-4956-bc1c-794e6424fd69",
            "country": "49feecf3-d3a1-4128-a2b7-cec4b979d473",
            "city": "fb3cb9f4-5a85-46f2-8edf-2ff5dac19fee",
            "duration_minutes": 180,
            "currency": "KWD",
            "base_price": "66.00",
            "discount_price": null,
            "is_for_male": false,
            "is_for_female": true,
            "ideal_for": "",
            "ideal_for_en": null,
            "ideal_for_ar": null,
            "benefits": [],
            "spa_center": "50003e65-fe48-4246-80f5-3208ef10cc2c",
            "is_eligible_for_loyalty": true,
            "is_active": true,
            "sort_order": 0,
            "created_at": "2026-04-02T07:31:01.211Z",
            "updated_at": "2026-04-02T07:31:01.211Z",
            "add_on_services": []
        }
    },
    {
        "model": "spacenter.service",
        "pk": "66701866-4f73-4a3f-8c6d-e0bed1b15d9f",
        "fields": {
            "name": "KASAT HWA",
            "name_en": "KASAT HWA",
            "name_ar": "в”ҳГўв•ӘВәв•Әв”Ӯв”ҳГҮв”ҳГҮв”ҳГҮв”ҳГҮв•ӘВәв•ӘВ¬ в•ӘВәв”ҳГӨв”ҳГ§в”ҳГӘв•ӘВә",
            "description": "Also known as dry cupping, this is an ancient therapeutic technique that uses special\r\ncups placed on the skin to stimulate blood circulation & naturally promote overall\r\nhealth. This method helps to: Improve blood flow, Relieve muscle pain, and Support\r\nthe bodyО“ГҮГ–s natural healing process.",
            "description_en": "Also known as dry cupping, this is an ancient therapeutic technique that uses special\r\ncups placed on the skin to stimulate blood circulation & naturally promote overall\r\nhealth. This method helps to: Improve blood flow, Relieve muscle pain, and Support\r\nthe bodyО“ГҮГ–s natural healing process.",
            "description_ar": "в”ҳГҜ в•ӘВәв”ҳГӨв”ҳГ в•Әв•Јв•Әв–’в”ҳГӘв”ҳГј в•ӘГәв”ҳГЁв•Әв•ўв•ӘВә в•ӘВҝв•ӘВәв•Әв”Ӯв”ҳГ  в•ӘВәв”ҳГӨв•ӘВЎв•ӘВјв•ӘВәв”ҳГ в•ӘвҢҗ в•ӘВәв”ҳГӨв•ӘВјв•ӘВәв”ҳГјв•ӘвҢҗв•ӘГ® в”ҳГ§в”ҳГӘ в•ӘГәв•Әв”Ӯв”ҳГӨв”ҳГӘв•ӘВҝ в•Әв•Јв”ҳГӨв•ӘВәв•ӘВјв”ҳГЁ в”ҳГ©в•ӘВ»в”ҳГЁв”ҳГ  в”ҳГЁв•Әв”Ӯв•ӘВ¬в•ӘВ«в•ӘВ»в”ҳГ  в”ҳГўв•ӘВәв•Әв”Ӯв•ӘВәв•ӘВ¬ в”ҳГ в•ӘВ«в•Әв•Ўв•Әв•Ўв•ӘвҢҗ в•Әв•Јв”ҳГӨв”ҳГ« в•ӘВәв”ҳГӨв•ӘВјв”ҳГӨв•ӘВ» в”ҳГӨв•ӘВ¬в•ӘВЎв”ҳГјв”ҳГЁв•Әв–“\r\nв•ӘВәв”ҳГӨв•ӘВ»в”ҳГӘв•Әв–’в•ӘвҢҗ в•ӘВәв”ҳГӨв•ӘВ»в”ҳГ в”ҳГӘв”ҳГЁв•ӘвҢҗ в”ҳГӘв•ӘВ¬в•Әв•Јв•Әв–“в”ҳГЁв•Әв–“ в•Әв•Ўв•ӘВЎв•ӘвҢҗ в•ӘВәв”ҳГӨв•ӘВјв•Әв”Ӯв”ҳГ  в•ӘВҝв•Әв”Өв”ҳГўв”ҳГӨ в•Әв•–в•ӘВҝв”ҳГЁв•Әв•Јв”ҳГЁ в”ҳГӘв•ӘВ¬в•Әв”Ӯв•ӘВәв•Әв•Јв•ӘВ» в”ҳГ§в•Әв–‘в”ҳГ§ в•ӘВәв”ҳГӨв•ӘВ¬в”ҳГ©в”ҳГҘв”ҳГЁв•ӘвҢҗ в•Әв•Јв”ҳГӨв”ҳГ«: в•ӘВ¬в•ӘВЎв•Әв”Ӯв”ҳГЁв”ҳГҘ в•ӘВ¬в•ӘВ»в”ҳГјв”ҳГ© в•ӘВәв”ҳГӨв•ӘВ»в”ҳГ в•ӘГ® в•ӘВ¬в•ӘВ«в”ҳГјв”ҳГЁв”ҳГј\r\nв•ӘВәв”ҳГӨв•ӘВәв”ҳГӨв•ӘВәв”ҳГ  в•ӘВәв”ҳГӨв•Әв•Јв•Әв•ўв”ҳГӨв”ҳГЁв•ӘвҢҗ в”ҳГӘв•ӘВ¬в•Әв•Јв•Әв–“в”ҳГЁв•Әв–“ в•ӘВәв”ҳГӨв•Әв”Өв”ҳГјв•ӘВәв•ӘГӯ в•ӘВәв”ҳГӨв•Әв•–в•ӘВҝв”ҳГЁв•Әв•Јв”ҳГЁ в”ҳГӨв”ҳГӨв•ӘВјв•Әв”Ӯв”ҳГ ",
            "specialty": "4df7e42f-c08f-4d75-9a33-bbcc00279f08",
            "country": "49feecf3-d3a1-4128-a2b7-cec4b979d473",
            "city": "ef783d8b-6e9b-4eee-90aa-db94e9ccbf56",
            "duration_minutes": 60,
            "currency": "KWD",
            "base_price": "8.00",
            "discount_price": null,
            "is_for_male": false,
            "is_for_female": true,
            "ideal_for": "",
            "ideal_for_en": null,
            "ideal_for_ar": null,
            "benefits": [],
            "spa_center": "f4b3d0ef-f1b9-4e1f-a923-bca636f6fa50",
            "is_eligible_for_loyalty": true,
            "is_active": true,
            "sort_order": 11,
            "created_at": "2026-04-02T06:30:26.587Z",
            "updated_at": "2026-04-02T06:34:12.895Z",
            "add_on_services": []
        }
    },
    {
        "model": "spacenter.service",
        "pk": "6e1a42e8-e81d-4689-82dc-f84caa9c3f2f",
        "fields": {
            "name": "JAPANESE HAIR DETOX",
            "name_en": "JAPANESE HAIR DETOX",
            "name_ar": "в•ӘВјв•ӘВәв•ӘВҝв”ҳГҘв”ҳГЁв•Әв–“ в•ӘВ»в”ҳГЁв•ӘВ¬в”ҳГӘв”ҳГўв•Әв”Ӯ в”ҳГӨв”ҳГӨв•Әв”Өв•Әв•Јв•Әв–’",
            "description": "6 steps of luxury and deep cleansing, with relaxation through a %100 natural oil scalp massage, along with hair moisturizing.",
            "description_en": "6 steps of luxury and deep cleansing, with relaxation through a %100 natural oil scalp massage, along with hair moisturizing.",
            "description_ar": "6 в•ӘВ«в•Әв•–в”ҳГӘв•ӘВәв•ӘВ¬ в”ҳГ в”ҳГҘ в•ӘВәв”ҳГӨв”ҳГјв•ӘВ«в•ӘВәв”ҳГ в•ӘвҢҗ в”ҳГӘв•ӘВәв”ҳГӨв•ӘВ¬в”ҳГҘв•Әв••в”ҳГЁв”ҳГј в•ӘВәв”ҳГӨв•Әв•Јв”ҳГ в”ҳГЁв”ҳГ©в•ӘГ® в”ҳГ в•Әв•Ј в•ӘВәв”ҳГӨв•ӘВәв•Әв”Ӯв•ӘВ¬в•Әв–’в•ӘВ«в•ӘВәв•ӘГӯ в”ҳГ в”ҳГҘ в•ӘВ«в”ҳГӨв•ӘВәв”ҳГӨ в•ӘВ¬в•ӘВ»в”ҳГӨв”ҳГЁв”ҳГў в”ҳГјв•Әв–’в”ҳГӘв•ӘвҢҗ в•ӘВәв”ҳГӨв•Әв–’в•ӘГәв•Әв”Ӯ в•ӘВҝв•Әв–“в”ҳГЁв•ӘВ¬ в•Әв•–в•ӘВҝв”ҳГЁв•Әв•Јв”ҳГЁ 100%в•ӘГ® в•ӘВҝв•ӘВәв”ҳГӨв•ӘГ‘в•Әв•ўв•ӘВәв”ҳГјв•ӘвҢҗ в•ӘГ‘в”ҳГӨв”ҳГ« в•ӘВ¬в•Әв–’в•Әв•–в”ҳГЁв•ӘВҝ в•ӘВәв”ҳГӨв•Әв”Өв•Әв•Јв•Әв–’.",
            "specialty": "7ec2b863-64ee-43cb-996a-b9f0d112d3e4",
            "country": "49feecf3-d3a1-4128-a2b7-cec4b979d473",
            "city": "ef783d8b-6e9b-4eee-90aa-db94e9ccbf56",
            "duration_minutes": 45,
            "currency": "KWD",
            "base_price": "20.00",
            "discount_price": null,
            "is_for_male": false,
            "is_for_female": true,
            "ideal_for": "",
            "ideal_for_en": null,
            "ideal_for_ar": null,
            "benefits": [],
            "spa_center": "f4b3d0ef-f1b9-4e1f-a923-bca636f6fa50",
            "is_eligible_for_loyalty": true,
            "is_active": true,
            "sort_order": 1,
            "created_at": "2026-04-01T11:46:50.791Z",
            "updated_at": "2026-04-02T05:55:43.218Z",
            "add_on_services": []
        }
    },
    {
        "model": "spacenter.service",
        "pk": "6f5d3a2b-b05c-453d-afb3-49cfa9123aab",
        "fields": {
            "name": "ROYAL MESSAGE",
            "name_en": "ROYAL MESSAGE",
            "name_ar": "в•ӘВәв”ҳГӨв”ҳГ в•Әв”Ӯв•ӘВәв•ӘВј в•ӘВәв”ҳГӨв”ҳГ в”ҳГӨв”ҳГўв”ҳГЁ",
            "description": "Royal massage in a private suite",
            "description_en": "Royal massage in a private suite",
            "description_ar": "в”ҳГ в•Әв”Ӯв•ӘВәв•ӘВј в”ҳГ в”ҳГӨв”ҳГўв”ҳГЁ в”ҳГјв”ҳГЁ в•ӘВјв”ҳГҘв•ӘВәв•ӘВЎ в•ӘВ«в•ӘВәв•Әв•Ў",
            "specialty": "152039aa-e651-4956-bc1c-794e6424fd69",
            "country": "49feecf3-d3a1-4128-a2b7-cec4b979d473",
            "city": "fb3cb9f4-5a85-46f2-8edf-2ff5dac19fee",
            "duration_minutes": 60,
            "currency": "KWD",
            "base_price": "34.00",
            "discount_price": null,
            "is_for_male": false,
            "is_for_female": true,
            "ideal_for": "",
            "ideal_for_en": null,
            "ideal_for_ar": null,
            "benefits": [],
            "spa_center": "50003e65-fe48-4246-80f5-3208ef10cc2c",
            "is_eligible_for_loyalty": true,
            "is_active": true,
            "sort_order": 0,
            "created_at": "2026-04-02T07:39:22.086Z",
            "updated_at": "2026-04-02T07:39:22.086Z",
            "add_on_services": []
        }
    },
    {
        "model": "spacenter.service",
        "pk": "723f9de5-5526-40dd-a0b2-00c326c649e8",
        "fields": {
            "name": "SWEIDISH MASSAGE",
            "name_en": "SWEIDISH MASSAGE",
            "name_ar": "в”ҳГ в•Әв”Ӯв”ҳГҮв”ҳГҮв•ӘВәв•ӘВј в•ӘВәв”ҳГӨв•Әв”Ӯв”ҳГҮв”ҳГҮв”ҳГҮв”ҳГҮв”ҳГӘв”ҳГЁв•ӘВ»в”ҳГЁ",
            "description": "Swedish massage is a type of therapeutic massage aimed at relaxation, relieving\r\nstress and muscle tension, improving blood circulation, and increasing muscle\r\nflexibility. It is highly beneficial for those who engage in physical exercise.",
            "description_en": "Swedish massage is a type of therapeutic massage aimed at relaxation, relieving\r\nstress and muscle tension, improving blood circulation, and increasing muscle\r\nflexibility. It is highly beneficial for those who engage in physical exercise.",
            "description_ar": "в•ӘВәв”ҳГӨв”ҳГ в•Әв”Ӯв•ӘВәв•ӘВј в•ӘВәв”ҳГӨв•Әв”Ӯв”ҳГӘв”ҳГЁв•ӘВ»в”ҳГЁ в”ҳГ§в”ҳГӘ в”ҳГҘв”ҳГӘв•Әв•Ј в”ҳГ в”ҳГҘ в•ӘГәв”ҳГҘв”ҳГӘв•ӘВәв•Әв•Ј в•ӘВәв”ҳГӨв•ӘВ¬в•ӘВ»в”ҳГӨв”ҳГЁв”ҳГў в•ӘВәв”ҳГӨв•Әв•Јв”ҳГӨв•ӘВәв•ӘВјв”ҳГЁв•ӘГ® в”ҳГЁв”ҳГ§в•ӘВ»в”ҳГј в•ӘВәв”ҳГӨв”ҳГ« в•ӘВәв•Әв”Ӯв•ӘВ¬в•Әв–’в•ӘВ«в•ӘВәв•ӘГӯ в”ҳГӘв•ӘВ¬в•ӘВ«в”ҳГјв”ҳГЁв”ҳГј в•ӘВәв”ҳГӨв•ӘВ¬в”ҳГӘв•ӘВ¬в•Әв–’ в”ҳГӘв•Әв”Өв”ҳГҮв•ӘВ»\r\nв”ҳГҜ в•ӘВәв”ҳГӨв•Әв•Јв•Әв•ўв”ҳГӨв•ӘВәв•ӘВ¬ в”ҳГӘв•ӘВ¬в•ӘВЎв•Әв”Ӯв”ҳГЁв”ҳГҘ в•ӘВәв”ҳГӨв•ӘВ»в”ҳГӘв•Әв–’в•ӘвҢҗ в•ӘВәв”ҳГӨв•ӘВ»в”ҳГ в”ҳГӘв”ҳГЁв•ӘвҢҗ в”ҳГӘв•Әв–“в”ҳГЁв•ӘВәв•ӘВ»в•ӘвҢҗ в”ҳГ в•Әв–’в”ҳГӘв”ҳГҘв•ӘвҢҗ в•ӘВәв”ҳГӨв•Әв•Јв•Әв•ўв”ҳГӨв•ӘВәв•ӘВ¬. в”ҳГ в”ҳГјв”ҳГЁв•ӘВ» в•ӘВјв•ӘВ»в•ӘВә в”ҳГӨв”ҳГ в”ҳГҘ в”ҳГЁв”ҳГ в•ӘВәв•Әв–’в•Әв”Ӯ в•ӘВәв”ҳГӨв•ӘВ¬в”ҳГ в•ӘВәв•Әв–’в”ҳГЁв”ҳГҘ в•ӘВәв”ҳГӨв•Әв–’в”ҳГЁв•ӘВәв•Әв•ўв”ҳГЁв•ӘвҢҗ",
            "specialty": "434e9efc-38e7-4ad4-9b9b-84991645a8b8",
            "country": "49feecf3-d3a1-4128-a2b7-cec4b979d473",
            "city": "ef783d8b-6e9b-4eee-90aa-db94e9ccbf56",
            "duration_minutes": 60,
            "currency": "KWD",
            "base_price": "24.00",
            "discount_price": null,
            "is_for_male": false,
            "is_for_female": true,
            "ideal_for": "",
            "ideal_for_en": null,
            "ideal_for_ar": null,
            "benefits": [],
            "spa_center": "f4b3d0ef-f1b9-4e1f-a923-bca636f6fa50",
            "is_eligible_for_loyalty": true,
            "is_active": true,
            "sort_order": 8,
            "created_at": "2026-04-02T06:09:31.189Z",
            "updated_at": "2026-04-02T07:42:27.525Z",
            "add_on_services": []
        }
    },
    {
        "model": "spacenter.service",
        "pk": "8034529f-9b4a-46e6-b1b9-12f7f120d4ef",
        "fields": {
            "name": "FOOT MASSAGE",
            "name_en": "FOOT MASSAGE",
            "name_ar": "в”ҳГ в•Әв”Ӯв•ӘВәв•ӘВј в•ӘВәв”ҳГӨв”ҳГ©в•ӘВ»в”ҳГ ",
            "description": "Body comfort starts from the feet, and the feet are a map of all the bodyО“ГҮГ–s organs. Foot massage helps relieve stress and promote relaxation, and it also helps in treating migraines, joint pain, and foot swelling.",
            "description_en": "Body comfort starts from the feet, and the feet are a map of all the bodyО“ГҮГ–s organs. Foot massage helps relieve stress and promote relaxation, and it also helps in treating migraines, joint pain, and foot swelling.",
            "description_ar": "в•Әв–’в•ӘВәв•ӘВЎв•ӘвҢҗ в•ӘВәв”ҳГӨв•ӘВјв•Әв”Ӯв”ҳГ  в•ӘВ¬в•ӘВҝв•ӘВ»в•ӘГә в”ҳГ в”ҳГҘ в•ӘВәв”ҳГӨв”ҳГ©в•ӘВ»в”ҳГ в”ҳГЁв”ҳГҘв•ӘГ® в”ҳГӘв•ӘВәв”ҳГӨв”ҳГ©в•ӘВ»в”ҳГ  в•Әв•Јв•ӘВҝв•ӘВәв•Әв–’в”ҳГ§ в•Әв•Јв”ҳГҘ в•ӘВ«в•Әв–’в”ҳГЁв•Әв•–в•ӘвҢҗ в”ҳГӨв•ӘВјв”ҳГ в”ҳГЁв•Әв•Ј в•ӘГәв•Әв•Јв•Әв•ўв•ӘВәв•ӘГӯ в•ӘВәв”ҳГӨв•ӘВјв•Әв”Ӯв”ҳГ . в”ҳГЁв•Әв”Ӯв•ӘВәв•Әв•Јв•ӘВ»в”ҳГў в”ҳГ в•Әв”Ӯв•ӘВәв•ӘВј в•ӘВәв”ҳГӨв•ӘГәв”ҳГ©в•ӘВ»в•ӘВәв”ҳГ  в•Әв•Јв”ҳГӨв”ҳГ« в•ӘВ¬в•ӘВ«в”ҳГјв”ҳГЁв”ҳГј в•ӘВәв”ҳГӨв•ӘГ‘в•ӘВјв”ҳГ§в•ӘВәв•ӘВ» в”ҳГӘв•ӘВ¬в•Әв•Јв•Әв–“в”ҳГЁв•Әв–“ в•ӘВәв”ҳГӨв•ӘГ‘в•Әв”Ӯв•ӘВ¬в•Әв–’в•ӘВ«в•ӘВәв•ӘГӯв•ӘГ® в”ҳГўв”ҳГ в•ӘВә в•ӘГәв”ҳГҘв”ҳГ§ в”ҳГЁв•Әв”Ӯв•ӘВәв•Әв•Јв•ӘВ» в”ҳГјв”ҳГЁ в•Әв•Јв”ҳГӨв•ӘВәв•ӘВј в•ӘВәв”ҳГӨв•Әв•Ўв•ӘВ»в•ӘВәв•Әв•Ј в•ӘВәв”ҳГӨв”ҳГҘв•Әв•Ўв”ҳГјв”ҳГЁ в”ҳГӘв•ӘГів”ҳГӨв•ӘВәв”ҳГ  в•ӘВәв”ҳГӨв”ҳГ в”ҳГјв•ӘВәв•Әв•Ўв”ҳГӨ в”ҳГӘв•ӘВ¬в”ҳГӘв•Әв–’в”ҳГ  в•ӘВәв”ҳГӨв”ҳГ©в•ӘВ»в”ҳГ в”ҳГЁв”ҳГҘ.",
            "specialty": "434e9efc-38e7-4ad4-9b9b-84991645a8b8",
            "country": "49feecf3-d3a1-4128-a2b7-cec4b979d473",
            "city": "ef783d8b-6e9b-4eee-90aa-db94e9ccbf56",
            "duration_minutes": 45,
            "currency": "KWD",
            "base_price": "15.00",
            "discount_price": null,
            "is_for_male": false,
            "is_for_female": true,
            "ideal_for": "",
            "ideal_for_en": null,
            "ideal_for_ar": null,
            "benefits": [],
            "spa_center": "f4b3d0ef-f1b9-4e1f-a923-bca636f6fa50",
            "is_eligible_for_loyalty": true,
            "is_active": true,
            "sort_order": 0,
            "created_at": "2026-04-02T05:30:32.845Z",
            "updated_at": "2026-04-02T05:55:43.208Z",
            "add_on_services": []
        }
    },
    {
        "model": "spacenter.service",
        "pk": "8794ba27-d27b-47aa-b27a-a09126c66ff2",
        "fields": {
            "name": "USH JACUZZI",
            "name_en": "USH JACUZZI",
            "name_ar": "в•ӘВјв•ӘВәв”ҳГўв”ҳГӘв•Әв–“в”ҳГЁ в•ӘГәв”ҳГӘв•Әв”Ө",
            "description": "A Jaccuzi Session relieves muscle fatigue after a long day.\r\nIt calms the mind and leaves you feeling energetic, and invigorated from the first moment",
            "description_en": "A Jaccuzi Session relieves muscle fatigue after a long day.\r\nIt calms the mind and leaves you feeling energetic, and invigorated from the first moment",
            "description_ar": "в”ҳГЁв•ӘВ«в”ҳГјв”ҳГј в•ӘВ¬в•Әв•Јв•ӘВҝ в•ӘВәв”ҳГӨв•Әв•Јв•Әв•ўв”ҳГӨв•ӘВәв•ӘВ¬ в•ӘВҝв•Әв•Јв•ӘВ» в”ҳГЁв”ҳГӘв”ҳГ  в•Әв•–в”ҳГӘв”ҳГЁв”ҳГӨ\r\nв”ҳГЁв”ҳГ§в•ӘВ»в”ҳГЁ в•ӘВәв”ҳГӨв•Әв•Јв”ҳГ©в”ҳГҮв”ҳГҮв”ҳГҮв”ҳГҮв”ҳГҮв”ҳГӨ в”ҳГӘв”ҳГЁв•ӘВ«в”ҳГӨв”ҳГҮв”ҳГҮв”ҳГҮв”ҳГҮв”ҳГҮв”ҳГҮв”ҳГҮв”ҳГҮв”ҳГЁ в•ӘВҝв•ӘВәв”ҳГӨв”ҳГў в”ҳГ в•Әв–’в•ӘВ¬в•ӘВәв•ӘВЎ в”ҳГӘв”ҳГЁв•ӘВЎв•Әв”Ӯв•Әв”Ӯв”ҳГў в•ӘВҝв•ӘВәв”ҳГӨв”ҳГҘв•Әв”Өв•ӘВәв•Әв•– в”ҳГӘв•ӘВәв”ҳГӨв•ӘВЎв”ҳГЁв”ҳГӘв”ҳГЁв•ӘвҢҗ в”ҳГ в”ҳГҘ в•ӘГәв”ҳГӘв”ҳГӨ в”ҳГӨв•ӘВЎв•Әв••в•ӘвҢҗ",
            "specialty": "3ab7e059-ab34-473d-b6e2-bbebf8f9c107",
            "country": "49feecf3-d3a1-4128-a2b7-cec4b979d473",
            "city": "fb3cb9f4-5a85-46f2-8edf-2ff5dac19fee",
            "duration_minutes": 15,
            "currency": "KWD",
            "base_price": "5.00",
            "discount_price": null,
            "is_for_male": false,
            "is_for_female": true,
            "ideal_for": "",
            "ideal_for_en": null,
            "ideal_for_ar": null,
            "benefits": [],
            "spa_center": "50003e65-fe48-4246-80f5-3208ef10cc2c",
            "is_eligible_for_loyalty": true,
            "is_active": true,
            "sort_order": 0,
            "created_at": "2026-04-02T07:19:39.758Z",
            "updated_at": "2026-04-02T11:22:04.055Z",
            "add_on_services": []
        }
    },
    {
        "model": "spacenter.service",
        "pk": "88e68919-74ee-45eb-a07b-a3a483fa83b0",
        "fields": {
            "name": "SWEIDISH MASSAGE",
            "name_en": "SWEIDISH MASSAGE",
            "name_ar": "в”ҳГ в•Әв”Ӯв”ҳГҮв”ҳГҮв•ӘВәв•ӘВј в•ӘВәв”ҳГӨв•Әв”Ӯв”ҳГҮв”ҳГҮв”ҳГҮв”ҳГҮв”ҳГӘв”ҳГЁв•ӘВ»в”ҳГЁ",
            "description": "Swedish massage is a type of therapeutic massage aimed at relaxation, relieving\r\nstress and muscle tension, improving blood circulation, and increasing muscle\r\nflexibility. It is highly beneficial for those who engage in physical exercise.",
            "description_en": "Swedish massage is a type of therapeutic massage aimed at relaxation, relieving\r\nstress and muscle tension, improving blood circulation, and increasing muscle\r\nflexibility. It is highly beneficial for those who engage in physical exercise.",
            "description_ar": "в•ӘВәв”ҳГӨв”ҳГ в•Әв”Ӯв•ӘВәв•ӘВј в•ӘВәв”ҳГӨв•Әв”Ӯв”ҳГӘв”ҳГЁв•ӘВ»в”ҳГЁ в”ҳГ§в”ҳГӘ в”ҳГҘв”ҳГӘв•Әв•Ј в”ҳГ в”ҳГҘ в•ӘГәв”ҳГҘв”ҳГӘв•ӘВәв•Әв•Ј в•ӘВәв”ҳГӨв•ӘВ¬в•ӘВ»в”ҳГӨв”ҳГЁв”ҳГў в•ӘВәв”ҳГӨв•Әв•Јв”ҳГӨв•ӘВәв•ӘВјв”ҳГЁв•ӘГ® в”ҳГЁв”ҳГ§в•ӘВ»в”ҳГј в•ӘВәв”ҳГӨв”ҳГ« в•ӘВәв•Әв”Ӯв•ӘВ¬в•Әв–’в•ӘВ«в•ӘВәв•ӘГӯ в”ҳГӘв•ӘВ¬в•ӘВ«в”ҳГјв”ҳГЁв”ҳГј в•ӘВәв”ҳГӨв•ӘВ¬в”ҳГӘв•ӘВ¬в•Әв–’ в”ҳГӘв•Әв”Өв”ҳГҮв•ӘВ»\r\nв”ҳГҜ в•ӘВәв”ҳГӨв•Әв•Јв•Әв•ўв”ҳГӨв•ӘВәв•ӘВ¬ в”ҳГӘв•ӘВ¬в•ӘВЎв•Әв”Ӯв”ҳГЁв”ҳГҘ в•ӘВәв”ҳГӨв•ӘВ»в”ҳГӘв•Әв–’в•ӘвҢҗ в•ӘВәв”ҳГӨв•ӘВ»в”ҳГ в”ҳГӘв”ҳГЁв•ӘвҢҗ в”ҳГӘв•Әв–“в”ҳГЁв•ӘВәв•ӘВ»в•ӘвҢҗ в”ҳГ в•Әв–’в”ҳГӘв”ҳГҘв•ӘвҢҗ в•ӘВәв”ҳГӨв•Әв•Јв•Әв•ўв”ҳГӨв•ӘВәв•ӘВ¬. в”ҳГ в”ҳГјв”ҳГЁв•ӘВ» в•ӘВјв•ӘВ»в•ӘВә в”ҳГӨв”ҳГ в”ҳГҘ в”ҳГЁв”ҳГ в•ӘВәв•Әв–’в•Әв”Ӯ в•ӘВәв”ҳГӨв•ӘВ¬в”ҳГ в•ӘВәв•Әв–’в”ҳГЁв”ҳГҘ в•ӘВәв”ҳГӨв•Әв–’в”ҳГЁв•ӘВәв•Әв•ўв”ҳГЁв•ӘвҢҗ",
            "specialty": "434e9efc-38e7-4ad4-9b9b-84991645a8b8",
            "country": "49feecf3-d3a1-4128-a2b7-cec4b979d473",
            "city": "fb3cb9f4-5a85-46f2-8edf-2ff5dac19fee",
            "duration_minutes": 60,
            "currency": "KWD",
            "base_price": "24.00",
            "discount_price": null,
            "is_for_male": false,
            "is_for_female": true,
            "ideal_for": "",
            "ideal_for_en": null,
            "ideal_for_ar": null,
            "benefits": [],
            "spa_center": "50003e65-fe48-4246-80f5-3208ef10cc2c",
            "is_eligible_for_loyalty": true,
            "is_active": true,
            "sort_order": 0,
            "created_at": "2026-04-02T07:02:20.677Z",
            "updated_at": "2026-04-02T07:02:20.677Z",
            "add_on_services": []
        }
    },
    {
        "model": "spacenter.service",
        "pk": "89253c30-68b1-4783-861b-376ced1f03c0",
        "fields": {
            "name": "Holistic Reflexology",
            "name_en": "Holistic Reflexology",
            "name_ar": "в•ӘВәв”ҳГӨв•Әв–’в”ҳГЁв”ҳГјв”ҳГӨв”ҳГўв•Әв”Ӯв”ҳГӘв”ҳГӨв”ҳГӘв•ӘВјв”ҳГЁ в•ӘВәв”ҳГӨв•Әв”Өв•ӘВәв”ҳГ в”ҳГӨв•ӘвҢҗ",
            "description": "Targeted pressure on feet and hands to restore balance and promote healing.",
            "description_en": "Targeted pressure on feet and hands to restore balance and promote healing.",
            "description_ar": "в•Әв•ўв•Әв•‘в•Әв•– в”ҳГ в•Әв”Ӯв•ӘВ¬в”ҳГ§в•ӘВ»в”ҳГј в•Әв•Јв”ҳГӨв”ҳГ« в•ӘВәв”ҳГӨв”ҳГ©в•ӘВ»в”ҳГ в”ҳГЁв”ҳГҘ в”ҳГӘв•ӘВәв”ҳГӨв”ҳГЁв•ӘВ»в”ҳГЁв”ҳГҘ в”ҳГӨв•ӘВәв•Әв”Ӯв•ӘВ¬в•Әв•Јв•ӘВәв•ӘВ»в•ӘвҢҗ в•ӘВәв”ҳГӨв•ӘВ¬в”ҳГӘв•ӘВәв•Әв–“в”ҳГҘ в”ҳГӘв•ӘВ¬в•Әв•Јв•Әв–“в”ҳГЁв•Әв–“ в•ӘВәв”ҳГӨв•Әв”Өв”ҳГјв•ӘВәв•ӘГӯ.",
            "specialty": "77dff1fe-0ad7-4e87-99c6-7813652e45a7",
            "country": "bfef61c2-9542-408f-a5ce-84ab3b4f98db",
            "city": "1c2a1ccc-d012-4bf4-b95f-c1869f2390d9",
            "duration_minutes": 45,
            "currency": "AED",
            "base_price": "250.00",
            "discount_price": "220.00",
            "is_for_male": true,
            "is_for_female": true,
            "ideal_for": "Holistic Healing, Stress Relief",
            "ideal_for_en": "Holistic Healing, Stress Relief",
            "ideal_for_ar": "в•ӘВәв”ҳГӨв•Әв•Јв”ҳГӨв•ӘВәв•ӘВј в•ӘВәв”ҳГӨв•Әв”Өв•ӘВәв”ҳГ в”ҳГӨв•ӘГ® в•ӘВ¬в•ӘВ«в”ҳГјв”ҳГЁв”ҳГј в•ӘВәв”ҳГӨв•ӘВ¬в”ҳГӘв•ӘВ¬в•Әв–’",
            "benefits": [],
            "spa_center": "30efd449-5fed-4ee0-aa34-94104f56afa7",
            "is_eligible_for_loyalty": false,
            "is_active": true,
            "sort_order": 8,
            "created_at": "2026-04-01T08:07:14.819Z",
            "updated_at": "2026-04-01T08:07:14.819Z",
            "add_on_services": [
                "bad30e3d-3082-49d6-b74f-7f57dcb59902",
                "f7ccff92-8594-44ad-b18c-8b46851bbce1",
                "ed2d0cec-953c-4063-95fd-279312265972",
                "f602228a-dfa2-4ee7-ae03-ff6954e5244f",
                "af54390b-ccd0-40c1-972e-32a58d67c030"
            ]
        }
    },
    {
        "model": "spacenter.service",
        "pk": "8a315805-ec7d-44b4-adba-b9eb0d569a87",
        "fields": {
            "name": "FOOT MASSAGE",
            "name_en": "FOOT MASSAGE",
            "name_ar": "в”ҳГ в•Әв”Ӯв•ӘВәв•ӘВј в•ӘВәв”ҳГӨв”ҳГ©в•ӘВ»в”ҳГ ",
            "description": "Body comfort starts from the feet, and the feet are a map of all the bodyО“ГҮГ–s organs. Foot massage helps relieve stress and promote relaxation, and it also helps in treating migraines, joint pain, and foot swelling.",
            "description_en": "Body comfort starts from the feet, and the feet are a map of all the bodyО“ГҮГ–s organs. Foot massage helps relieve stress and promote relaxation, and it also helps in treating migraines, joint pain, and foot swelling.",
            "description_ar": "в•Әв–’в•ӘВәв•ӘВЎв•ӘвҢҗ в•ӘВәв”ҳГӨв•ӘВјв•Әв”Ӯв”ҳГ  в•ӘВ¬в•ӘВҝв•ӘВ»в•ӘГә в”ҳГ в”ҳГҘ в•ӘВәв”ҳГӨв”ҳГ©в•ӘВ»в”ҳГ в”ҳГЁв”ҳГҘв•ӘГ® в”ҳГӘв•ӘВәв”ҳГӨв”ҳГ©в•ӘВ»в”ҳГ  в•Әв•Јв•ӘВҝв•ӘВәв•Әв–’в”ҳГ§ в•Әв•Јв”ҳГҘ в•ӘВ«в•Әв–’в”ҳГЁв•Әв•–в•ӘвҢҗ в”ҳГӨв•ӘВјв”ҳГ в”ҳГЁв•Әв•Ј в•ӘГәв•Әв•Јв•Әв•ўв•ӘВәв•ӘГӯ в•ӘВәв”ҳГӨв•ӘВјв•Әв”Ӯв”ҳГ . в”ҳГЁв•Әв”Ӯв•ӘВәв•Әв•Јв•ӘВ»в”ҳГў в”ҳГ в•Әв”Ӯв•ӘВәв•ӘВј в•ӘВәв”ҳГӨв•ӘГәв”ҳГ©в•ӘВ»в•ӘВәв”ҳГ  в•Әв•Јв”ҳГӨв”ҳГ« в•ӘВ¬в•ӘВ«в”ҳГјв”ҳГЁв”ҳГј в•ӘВәв”ҳГӨв•ӘГ‘в•ӘВјв”ҳГ§в•ӘВәв•ӘВ» в”ҳГӘв•ӘВ¬в•Әв•Јв•Әв–“в”ҳГЁв•Әв–“ в•ӘВәв”ҳГӨв•ӘГ‘в•Әв”Ӯв•ӘВ¬в•Әв–’в•ӘВ«в•ӘВәв•ӘГӯв•ӘГ® в”ҳГўв”ҳГ в•ӘВә в•ӘГәв”ҳГҘв”ҳГ§ в”ҳГЁв•Әв”Ӯв•ӘВәв•Әв•Јв•ӘВ» в”ҳГјв”ҳГЁ в•Әв•Јв”ҳГӨв•ӘВәв•ӘВј в•ӘВәв”ҳГӨв•Әв•Ўв•ӘВ»в•ӘВәв•Әв•Ј в•ӘВәв”ҳГӨв”ҳГҘв•Әв•Ўв”ҳГјв”ҳГЁ в”ҳГӘв•ӘГів”ҳГӨв•ӘВәв”ҳГ  в•ӘВәв”ҳГӨв”ҳГ в”ҳГјв•ӘВәв•Әв•Ўв”ҳГӨ в”ҳГӘв•ӘВ¬в”ҳГӘв•Әв–’в”ҳГ  в•ӘВәв”ҳГӨв”ҳГ©в•ӘВ»в”ҳГ в”ҳГЁв”ҳГҘ.",
            "specialty": "434e9efc-38e7-4ad4-9b9b-84991645a8b8",
            "country": "49feecf3-d3a1-4128-a2b7-cec4b979d473",
            "city": "fb3cb9f4-5a85-46f2-8edf-2ff5dac19fee",
            "duration_minutes": 46,
            "currency": "KWD",
            "base_price": "15.00",
            "discount_price": null,
            "is_for_male": false,
            "is_for_female": true,
            "ideal_for": "",
            "ideal_for_en": null,
            "ideal_for_ar": null,
            "benefits": [],
            "spa_center": "50003e65-fe48-4246-80f5-3208ef10cc2c",
            "is_eligible_for_loyalty": true,
            "is_active": true,
            "sort_order": 0,
            "created_at": "2026-04-02T06:50:28.279Z",
            "updated_at": "2026-04-02T06:50:28.279Z",
            "add_on_services": []
        }
    },
    {
        "model": "spacenter.service",
        "pk": "8d1d474d-b920-4a02-a358-8f08d9d992c1",
        "fields": {
            "name": "LIGHT LUXURY PACKAGE",
            "name_en": "LIGHT LUXURY PACKAGE",
            "name_ar": "в•ӘВҝв•ӘВәв”ҳГ©в•ӘвҢҗ в•ӘВәв”ҳГӨв•Әв–’в”ҳГјв•ӘВәв”ҳГ§в”ҳГЁв•ӘвҢҗ",
            "description": "1-hour Massage + Jacuzzi or Sauna (15 min) A luxurious and rapid refreshment; a glimpse of royal luxury.",
            "description_en": "1-hour Massage + Jacuzzi or Sauna (15 min) A luxurious and rapid refreshment; a glimpse of royal luxury.",
            "description_ar": "в•ӘВјв”ҳГӨв•Әв”Ӯв•ӘвҢҗ в•ӘВ¬в•ӘВ»в”ҳГӨв”ҳГЁв”ҳГў в”ҳГӨв”ҳГ в•ӘВ»в•ӘвҢҗ в•Әв”Ӯв•ӘВәв•Әв•Јв•ӘвҢҗ в”ҳГӘв•ӘВәв•ӘВЎв•ӘВ»в•ӘвҢҗ + в•ӘВјв•ӘВәв”ҳГўв”ҳГӘв•Әв–“в”ҳГЁ в•ӘГәв”ҳГӘ в•Әв”Ӯв•ӘВәв”ҳГӘв”ҳГҘв•ӘВә (15 в•ӘВ»в”ҳГ©в”ҳГЁв”ҳГ©в•ӘвҢҗ) в•ӘВәв”ҳГҘв•ӘВ¬в•Әв•Јв•ӘВәв•Әв”Ө в”ҳГјв•ӘВәв•ӘВ«в•Әв–’ в”ҳГӘв•Әв”Ӯв•Әв–’в”ҳГЁв•Әв•Ј в”ҳГЁв”ҳГ в”ҳГҘв•ӘВЎв”ҳГў в”ҳГӨв”ҳГ в•ӘВЎв•ӘвҢҗ в”ҳГ в”ҳГҘ в•ӘВәв”ҳГӨв•Әв–’в”ҳГјв•ӘВәв”ҳГ§в”ҳГЁв•ӘвҢҗ в•ӘВәв”ҳГӨв”ҳГ в”ҳГӨв”ҳГўв”ҳГЁв•ӘвҢҗ",
            "specialty": "152039aa-e651-4956-bc1c-794e6424fd69",
            "country": "49feecf3-d3a1-4128-a2b7-cec4b979d473",
            "city": "fb3cb9f4-5a85-46f2-8edf-2ff5dac19fee",
            "duration_minutes": 90,
            "currency": "KWD",
            "base_price": "39.00",
            "discount_price": null,
            "is_for_male": false,
            "is_for_female": true,
            "ideal_for": "",
            "ideal_for_en": null,
            "ideal_for_ar": null,
            "benefits": [],
            "spa_center": "50003e65-fe48-4246-80f5-3208ef10cc2c",
            "is_eligible_for_loyalty": true,
            "is_active": true,
            "sort_order": 0,
            "created_at": "2026-04-02T07:37:22.785Z",
            "updated_at": "2026-04-02T07:37:22.785Z",
            "add_on_services": []
        }
    },
    {
        "model": "spacenter.service",
        "pk": "96967532-9af9-4821-82b6-fadb2bb61420",
        "fields": {
            "name": "EAR CANDLING",
            "name_en": "EAR CANDLING",
            "name_ar": "в•Әв”Өв”ҳГ в•Әв•Ј в•ӘВәв”ҳГӨв•ӘВәв•Әв–‘в”ҳГҘ в•ӘВҝв•ӘВәв”ҳГӨв•Әв”Өв”ҳГ в•Әв•Ј в•ӘВәв”ҳГӨв•ӘВЎв•Әв–’в•ӘВәв•Әв–’в”ҳГЁ",
            "description": "Earwax Removal\r\nHearing Improvement\r\nRelief of Ear Pressure or Blockage\r\nHeadache or Stress Relief",
            "description_en": "Earwax Removal\r\nHearing Improvement\r\nRelief of Ear Pressure or Blockage\r\nHeadache or Stress Relief",
            "description_ar": "в•ӘГ‘в•Әв–“в•ӘВәв”ҳГӨв”ҳГҮв”ҳГҮв”ҳГҮв”ҳГҮв”ҳГҮв”ҳГҮв”ҳГҮв”ҳГҮв”ҳГҮв”ҳГҮв”ҳГҮв”ҳГҮв”ҳГҮв”ҳГҮв”ҳГҮв”ҳГҮв•ӘвҢҗ в•Әв”Өв”ҳГ в”ҳГҮв”ҳГҮв”ҳГҮв”ҳГҮв”ҳГҮв”ҳГҮв”ҳГҮв”ҳГҮв”ҳГҮв”ҳГҮв”ҳГҮв”ҳГҮв”ҳГҮв”ҳГҮв”ҳГҮв•Әв•Ј в•ӘВәв”ҳГӨв•ӘВәв•Әв–‘в”ҳГҘ\r\nв•ӘВ¬в•ӘВЎв•Әв”Ӯв”ҳГЁв”ҳГҮв”ҳГҮв”ҳГҮв”ҳГҮв”ҳГҮв”ҳГҮв”ҳГҮв”ҳГҮв”ҳГҮв”ҳГҮв”ҳГҮв”ҳГҮв”ҳГҮв”ҳГҘ в•ӘВәв”ҳГӨв•Әв”Ӯв”ҳГ в”ҳГҮв”ҳГҮв”ҳГҮв”ҳГҮв”ҳГҮв”ҳГҮв”ҳГҮв”ҳГҮв”ҳГҮв”ҳГҮв”ҳГҮв”ҳГҮв”ҳГҮв”ҳГҮв”ҳГҮв”ҳГҮв”ҳГҮв”ҳГҮв•Әв•Ј\r\nв•ӘВ¬в•ӘВ«в”ҳГјв”ҳГЁв”ҳГј в•ӘВәв”ҳГӨв•Әв•ўв•Әв•‘в•Әв•– в•ӘГәв”ҳГӘ в•ӘВәв”ҳГҘв•Әв”Ӯв•ӘВ»в•ӘВәв•ӘВ» в•ӘВәв”ҳГӨв•ӘВәв•Әв–‘в”ҳГҘ\r\nв•ӘВ¬в”ҳГ§в•ӘВ»в•ӘВӘв•ӘвҢҗ в•ӘВәв”ҳГӨв•Әв•Ўв”ҳГҮв”ҳГҮв”ҳГҮв”ҳГҮв”ҳГҮв”ҳГҮв”ҳГҮв”ҳГҮв”ҳГҮв•ӘВ»в•ӘВәв•Әв•Ј в•ӘГәв”ҳГӘ в•ӘВәв”ҳГӨв•ӘВ¬в”ҳГҮв”ҳГҮв”ҳГҮв”ҳГҮв”ҳГҮв”ҳГҮв”ҳГҮв”ҳГҮв”ҳГҮв”ҳГҮв”ҳГӘв•ӘВ¬в•Әв–’",
            "specialty": "31a8acff-efc6-4490-b9c0-9e544bd1a0a1",
            "country": "49feecf3-d3a1-4128-a2b7-cec4b979d473",
            "city": "ef783d8b-6e9b-4eee-90aa-db94e9ccbf56",
            "duration_minutes": 10,
            "currency": "KWD",
            "base_price": "5.00",
            "discount_price": null,
            "is_for_male": false,
            "is_for_female": true,
            "ideal_for": "",
            "ideal_for_en": null,
            "ideal_for_ar": null,
            "benefits": [],
            "spa_center": "f4b3d0ef-f1b9-4e1f-a923-bca636f6fa50",
            "is_eligible_for_loyalty": true,
            "is_active": true,
            "sort_order": 12,
            "created_at": "2026-04-02T06:33:45.884Z",
            "updated_at": "2026-04-02T11:24:45.393Z",
            "add_on_services": []
        }
    },
    {
        "model": "spacenter.service",
        "pk": "9c33caf5-d711-405f-b4d6-fd192c2c271b",
        "fields": {
            "name": "THAI MASSAGE",
            "name_en": "THAI MASSAGE",
            "name_ar": "в•ӘВәв”ҳГӨв”ҳГ в•Әв”Ӯв•ӘВәв•ӘВј в•ӘВәв”ҳГӨв•ӘВ¬в•ӘВәв”ҳГЁв”ҳГӨв”ҳГҘв•ӘВ»в”ҳГЁ в•ӘВәв”ҳГӨв•ӘВ¬в”ҳГ©в”ҳГӨв”ҳГЁв•ӘВ»в”ҳГЁ",
            "description": "Traditional Thai massage is an ancient physical therapy that relies on a\r\ncombination of pressure, stretching, and extension of various body muscles.\r\nThis technique helps to:\r\n\r\nImprove flexibility\r\nReduce stress and tension\r\nRelieve back and muscle pain\r\nEnhance blood circulation",
            "description_en": "Traditional Thai massage is an ancient physical therapy that relies on a\r\ncombination of pressure, stretching, and extension of various body muscles.\r\nThis technique helps to:\r\n\r\nImprove flexibility\r\nReduce stress and tension\r\nRelieve back and muscle pain\r\nEnhance blood circulation",
            "description_ar": "в•ӘВәв”ҳГӨв”ҳГ в•Әв”Ӯв•ӘВәв•ӘВј в•ӘВәв”ҳГӨв•ӘВ¬в•ӘВәв”ҳГЁв”ҳГӨв”ҳГҘв•ӘВ»в”ҳГЁ в•ӘВәв”ҳГӨв•ӘВ¬в”ҳГ©в”ҳГӨв”ҳГЁв•ӘВ»в”ҳГЁ в”ҳГ§в”ҳГӘ в•Әв•Јв”ҳГӨв•ӘВәв•ӘВј в•ӘВјв•Әв”Ӯв•ӘВ»в”ҳГЁ в”ҳГ©в•ӘВ»в”ҳГЁв”ҳГ  в”ҳГЁв•Әв•Јв•ӘВ¬в”ҳГ в•ӘВ» в•Әв•Јв”ҳГӨв”ҳГ« в”ҳГ в•Әв–“в”ҳГЁв•ӘВј в”ҳГ в”ҳГҘ в•ӘВәв”ҳГӨв•Әв•ўв•Әв•‘в•Әв•– в”ҳГӘв•ӘВәв”ҳГӨв•Әв”Өв•ӘВ» в”ҳГӘв•ӘВәв”ҳГӨв•ӘВ¬в”ҳГ в”ҳГҮв”ҳГҮв”ҳГҮв”ҳГҮв•ӘВ»в•ӘВ»\r\nв”ҳГӨв”ҳГ в•ӘВ«в•ӘВ¬в”ҳГӨв”ҳГј в•Әв•Јв•Әв•ўв”ҳГӨв•ӘВәв•ӘВ¬ в•ӘВәв”ҳГӨв•ӘВјв•Әв”Ӯв”ҳГҮв”ҳГҮв”ҳГҮв”ҳГ . в•ӘВ¬в•Әв”Ӯв•ӘВәв•Әв•Јв•ӘВ» в”ҳГ§в•Әв–‘в”ҳГ§ в•ӘВәв”ҳГӨв•ӘВ¬в”ҳГ©в”ҳГҘв”ҳГЁв•ӘвҢҗ в•Әв•Јв”ҳГӨв”ҳГ«\r\nв•ӘВ¬в•ӘВЎв•Әв”Ӯв”ҳГЁв”ҳГҮв”ҳГҮв”ҳГҮв”ҳГҮв”ҳГҮв”ҳГҮв”ҳГҮв”ҳГҮв”ҳГҮв”ҳГҮв”ҳГҮв”ҳГҮв”ҳГҮв”ҳГҮв”ҳГҮв”ҳГҮв”ҳГҮв”ҳГҘ в•ӘВәв”ҳГӨв”ҳГ в”ҳГҮв”ҳГҮв”ҳГҮв”ҳГҮв”ҳГҮв”ҳГҮв”ҳГҮв”ҳГҮв”ҳГҮв”ҳГҮв”ҳГҮв”ҳГҮв”ҳГҮв”ҳГҮв”ҳГҮв•Әв–’в”ҳГӘв”ҳГҘв•ӘвҢҗ\r\nв•ӘВ¬в•ӘВ«в”ҳГјв”ҳГЁв”ҳГҮв”ҳГҮв”ҳГҮв”ҳГҮв”ҳГҮв”ҳГҮв”ҳГҮв”ҳГҮв”ҳГҮв”ҳГј в•ӘВәв”ҳГӨв•ӘВ¬в”ҳГӘв•ӘВ¬в•Әв–’ в”ҳГӘв•ӘВәв•ӘВјв”ҳГ§в”ҳГҮв”ҳГҮв”ҳГҮв”ҳГҮв”ҳГҮв”ҳГҮв”ҳГҮв”ҳГҮв”ҳГҮв•ӘВәв•ӘВ»",
            "specialty": "434e9efc-38e7-4ad4-9b9b-84991645a8b8",
            "country": "49feecf3-d3a1-4128-a2b7-cec4b979d473",
            "city": "ef783d8b-6e9b-4eee-90aa-db94e9ccbf56",
            "duration_minutes": 60,
            "currency": "KWD",
            "base_price": "24.00",
            "discount_price": null,
            "is_for_male": false,
            "is_for_female": true,
            "ideal_for": "",
            "ideal_for_en": null,
            "ideal_for_ar": null,
            "benefits": [],
            "spa_center": "f4b3d0ef-f1b9-4e1f-a923-bca636f6fa50",
            "is_eligible_for_loyalty": true,
            "is_active": true,
            "sort_order": 6,
            "created_at": "2026-04-02T06:14:21.639Z",
            "updated_at": "2026-04-02T07:44:51.454Z",
            "add_on_services": []
        }
    },
    {
        "model": "spacenter.service",
        "pk": "9ce805da-74fa-4f9e-891f-bf39b6d7254c",
        "fields": {
            "name": "AFTER DELIVERY MASSAGE",
            "name_en": "AFTER DELIVERY MASSAGE",
            "name_ar": "в”ҳГ в•Әв”Ӯв”ҳГҮв”ҳГҮв”ҳГҮв”ҳГҮв”ҳГҮв”ҳГҮв•ӘВәв•ӘВј в”ҳГ в•ӘВә в•ӘВҝв•Әв•Јв”ҳГҮв”ҳГҮв”ҳГҮв”ҳГҮв”ҳГҮв”ҳГҮв•ӘВ» в•ӘВәв”ҳГӨв”ҳГҮв”ҳГҮв”ҳГҮв”ҳГҮв”ҳГҮв”ҳГҮв”ҳГӘв”ҳГӨв•ӘВәв•ӘВ»в•ӘвҢҗ",
            "description": "This massage is designed specifically for women after childbirth, and it helps with:\r\nRestoring the uterus to its natural position after delivery.\r\nRelieving back and abdominal pain caused by pregnancy and childbirth.\r\nPromoting overall relaxation and restoring energy after the pregnancy period",
            "description_en": "This massage is designed specifically for women after childbirth, and it helps with:\r\nRestoring the uterus to its natural position after delivery.\r\nRelieving back and abdominal pain caused by pregnancy and childbirth.\r\nPromoting overall relaxation and restoring energy after the pregnancy period",
            "description_ar": "в”ҳГ§в•Әв–‘в•ӘВә в•ӘВәв”ҳГӨв”ҳГ в•Әв”Ӯв”ҳГҮв”ҳГҮв”ҳГҮв”ҳГҮв•ӘВәв•ӘВј в”ҳГ в•ӘВ«в•Әв•Ўв•Әв•Ў в”ҳГӨв”ҳГӨв”ҳГҘв•Әв”Ӯв”ҳГҮв”ҳГҮв”ҳГҮв•ӘВәв•ӘГӯ в•ӘВҝв•Әв•Јв•ӘВ» в•ӘВәв”ҳГӨв”ҳГӘв”ҳГӨв•ӘВәв•ӘВ»в•ӘвҢҗв•ӘГ® в”ҳГӘв”ҳГЁв•Әв”Ӯв”ҳГҮв”ҳГҮв”ҳГҮв”ҳГҮв•ӘВәв•Әв•Јв•ӘВ» в•Әв•Јв”ҳГӨв”ҳГ«\r\nв•ӘГ‘в•Әв•Јв”ҳГҮв”ҳГҮв”ҳГҮв”ҳГҮв”ҳГҮв”ҳГҮв•ӘВәв•ӘВ»в•ӘвҢҗ в•ӘВәв”ҳГӨв•Әв–’в•ӘВЎв”ҳГҮв”ҳГҮв”ҳГҮв”ҳГҮв”ҳГҮв”ҳГҮв”ҳГ  в”ҳГӨв”ҳГӘв•Әв•ўв•Әв•Јв”ҳГҮв”ҳГҮв”ҳГҮв”ҳГҮв”ҳГҮв”ҳГҮв”ҳГҮв”ҳГҮв”ҳГҮв”ҳГ§ в•ӘВәв”ҳГӨв•Әв•–в•ӘВҝв”ҳГЁв•Әв•Јв”ҳГҮв”ҳГҮв”ҳГҮв”ҳГҮв”ҳГҮв”ҳГҮв”ҳГҮв”ҳГҮв”ҳГҮв”ҳГҮв”ҳГҮв”ҳГЁ в•ӘВҝв•Әв•Јв”ҳГҮв”ҳГҮв”ҳГҮв”ҳГҮв”ҳГҮв”ҳГҮв”ҳГҮв”ҳГҮв”ҳГҮв”ҳГҮв”ҳГҮв”ҳГҮв•ӘВ» в•ӘВәв”ҳГӨв”ҳГӘв”ҳГӨв•ӘВәв•ӘВ»в•ӘвҢҗ\r\nв•ӘВ¬в•ӘВ«в”ҳГјв”ҳГЁв”ҳГҮв”ҳГҮв”ҳГҮв”ҳГј в•ӘГів”ҳГӨв•ӘВәв”ҳГ  в•ӘВәв”ҳГӨв•Әв••в”ҳГ§в”ҳГҮв”ҳГҮв•Әв–’ в”ҳГӘв•ӘВәв”ҳГӨв•ӘВҝв•Әв•–в”ҳГҮв”ҳГҮв”ҳГҘ в•ӘВәв”ҳГӨв”ҳГҘв”ҳГҮв”ҳГҮв”ҳГҮв”ҳГҮв”ҳГҮв”ҳГҮв”ҳГҮв”ҳГҮв”ҳГҮв”ҳГҮв”ҳГҮв•ӘВәв•ӘВ¬в•ӘВјв•ӘвҢҗ в•Әв•Јв”ҳГҘ в•ӘВәв”ҳГӨв•ӘВЎв”ҳГ в”ҳГҮв”ҳГҮв”ҳГӨ в”ҳГӘв•ӘВәв”ҳГӨв”ҳГӘв”ҳГӨв•ӘВәв•ӘВ»в•ӘвҢҗ\r\nв•ӘВ¬в•Әв•Јв”ҳГҮв”ҳГҮв”ҳГҮв•Әв–“в”ҳГЁв•Әв–“ в•ӘВәв”ҳГӨв•ӘВәв•Әв”Ӯв•ӘВ¬в•Әв–’в•ӘВ«в”ҳГҮв”ҳГҮв”ҳГҮв•ӘВәв•ӘГӯ в•ӘВәв”ҳГӨв•Әв•Јв”ҳГҮв”ҳГҮв”ҳГҮв•ӘВәв”ҳГ  в”ҳГӘв•ӘВ¬в•ӘВјв•ӘВ»в”ҳГЁв•ӘВ» в•ӘВәв”ҳГӨв•Әв•–в”ҳГҮв”ҳГҮв”ҳГҮв”ҳГҮв”ҳГҮв”ҳГҮв”ҳГҮв”ҳГҮв”ҳГҮв•ӘВәв”ҳГ©в•ӘвҢҗ в•ӘВҝв•Әв•Јв•ӘВ» в”ҳГјв•ӘВ¬в•Әв–’в•ӘвҢҗ в•ӘВәв”ҳГӨв•ӘВЎв”ҳГ в”ҳГҮв”ҳГӨ",
            "specialty": "434e9efc-38e7-4ad4-9b9b-84991645a8b8",
            "country": "49feecf3-d3a1-4128-a2b7-cec4b979d473",
            "city": "ef783d8b-6e9b-4eee-90aa-db94e9ccbf56",
            "duration_minutes": 60,
            "currency": "KWD",
            "base_price": "25.00",
            "discount_price": null,
            "is_for_male": false,
            "is_for_female": true,
            "ideal_for": "",
            "ideal_for_en": null,
            "ideal_for_ar": null,
            "benefits": [],
            "spa_center": "f4b3d0ef-f1b9-4e1f-a923-bca636f6fa50",
            "is_eligible_for_loyalty": true,
            "is_active": true,
            "sort_order": 7,
            "created_at": "2026-04-02T06:11:56.380Z",
            "updated_at": "2026-04-02T06:11:56.380Z",
            "add_on_services": []
        }
    },
    {
        "model": "spacenter.service",
        "pk": "9d00135f-a512-4381-aa65-6541c0480839",
        "fields": {
            "name": "THAI MASSAGE",
            "name_en": "THAI MASSAGE",
            "name_ar": "в•ӘВәв”ҳГӨв”ҳГ в•Әв”Ӯв•ӘВәв•ӘВј в•ӘВәв”ҳГӨв•ӘВ¬в•ӘВәв”ҳГЁв”ҳГӨв”ҳГҘв•ӘВ»в”ҳГЁ в•ӘВәв”ҳГӨв•ӘВ¬в”ҳГ©в”ҳГӨв”ҳГЁв•ӘВ»в”ҳГЁ",
            "description": "Traditional Thai massage is an ancient physical therapy that relies on a\r\ncombination of pressure, stretching, and extension of various body muscles.\r\nThis technique helps to:\r\n\r\nImprove flexibility\r\nReduce stress and tension\r\nRelieve back and muscle pain\r\nEnhance blood circulation",
            "description_en": "Traditional Thai massage is an ancient physical therapy that relies on a\r\ncombination of pressure, stretching, and extension of various body muscles.\r\nThis technique helps to:\r\n\r\nImprove flexibility\r\nReduce stress and tension\r\nRelieve back and muscle pain\r\nEnhance blood circulation",
            "description_ar": "в•ӘВәв”ҳГӨв”ҳГ в•Әв”Ӯв•ӘВәв•ӘВј в•ӘВәв”ҳГӨв•ӘВ¬в•ӘВәв”ҳГЁв”ҳГӨв”ҳГҘв•ӘВ»в”ҳГЁ в•ӘВәв”ҳГӨв•ӘВ¬в”ҳГ©в”ҳГӨв”ҳГЁв•ӘВ»в”ҳГЁ в”ҳГ§в”ҳГӘ в•Әв•Јв”ҳГӨв•ӘВәв•ӘВј в•ӘВјв•Әв”Ӯв•ӘВ»в”ҳГЁ в”ҳГ©в•ӘВ»в”ҳГЁв”ҳГ  в”ҳГЁв•Әв•Јв•ӘВ¬в”ҳГ в•ӘВ» в•Әв•Јв”ҳГӨв”ҳГ« в”ҳГ в•Әв–“в”ҳГЁв•ӘВј в”ҳГ в”ҳГҘ в•ӘВәв”ҳГӨв•Әв•ўв•Әв•‘в•Әв•– в”ҳГӘв•ӘВәв”ҳГӨв•Әв”Өв•ӘВ» в”ҳГӘв•ӘВәв”ҳГӨв•ӘВ¬в”ҳГ в”ҳГҮв”ҳГҮв”ҳГҮв”ҳГҮв•ӘВ»в•ӘВ»\r\nв”ҳГӨв”ҳГ в•ӘВ«в•ӘВ¬в”ҳГӨв”ҳГј в•Әв•Јв•Әв•ўв”ҳГӨв•ӘВәв•ӘВ¬ в•ӘВәв”ҳГӨв•ӘВјв•Әв”Ӯв”ҳГҮв”ҳГҮв”ҳГҮв”ҳГ . в•ӘВ¬в•Әв”Ӯв•ӘВәв•Әв•Јв•ӘВ» в”ҳГ§в•Әв–‘в”ҳГ§ в•ӘВәв”ҳГӨв•ӘВ¬в”ҳГ©в”ҳГҘв”ҳГЁв•ӘвҢҗ в•Әв•Јв”ҳГӨв”ҳГ«\r\nв•ӘВ¬в•ӘВЎв•Әв”Ӯв”ҳГЁв”ҳГҮв”ҳГҮв”ҳГҮв”ҳГҮв”ҳГҮв”ҳГҮв”ҳГҮв”ҳГҮв”ҳГҮв”ҳГҮв”ҳГҮв”ҳГҮв”ҳГҮв”ҳГҮв”ҳГҮв”ҳГҮв”ҳГҮв”ҳГҘ в•ӘВәв”ҳГӨв”ҳГ в”ҳГҮв”ҳГҮв”ҳГҮв”ҳГҮв”ҳГҮв”ҳГҮв”ҳГҮв”ҳГҮв”ҳГҮв”ҳГҮв”ҳГҮв”ҳГҮв”ҳГҮв”ҳГҮв”ҳГҮв•Әв–’в”ҳГӘв”ҳГҘв•ӘвҢҗ\r\nв•ӘВ¬в•ӘВ«в”ҳГјв”ҳГЁв”ҳГҮв”ҳГҮв”ҳГҮв”ҳГҮв”ҳГҮв”ҳГҮв”ҳГҮв”ҳГҮв”ҳГҮв”ҳГј в•ӘВәв”ҳГӨв•ӘВ¬в”ҳГӘв•ӘВ¬в•Әв–’ в”ҳГӘв•ӘВәв•ӘВјв”ҳГ§в”ҳГҮв”ҳГҮв”ҳГҮв”ҳГҮв”ҳГҮв”ҳГҮв”ҳГҮв”ҳГҮв”ҳГҮв•ӘВәв•ӘВ»",
            "specialty": "434e9efc-38e7-4ad4-9b9b-84991645a8b8",
            "country": "49feecf3-d3a1-4128-a2b7-cec4b979d473",
            "city": "fb3cb9f4-5a85-46f2-8edf-2ff5dac19fee",
            "duration_minutes": 60,
            "currency": "KWD",
            "base_price": "24.00",
            "discount_price": null,
            "is_for_male": false,
            "is_for_female": true,
            "ideal_for": "",
            "ideal_for_en": null,
            "ideal_for_ar": null,
            "benefits": [],
            "spa_center": "50003e65-fe48-4246-80f5-3208ef10cc2c",
            "is_eligible_for_loyalty": true,
            "is_active": true,
            "sort_order": 0,
            "created_at": "2026-04-02T07:05:56.284Z",
            "updated_at": "2026-04-02T07:05:56.284Z",
            "add_on_services": []
        }
    },
    {
        "model": "spacenter.service",
        "pk": "a66994f4-8ab4-41ae-81f7-fc41529741bb",
        "fields": {
            "name": "HERBEL MASSAGE",
            "name_en": "HERBEL MASSAGE",
            "name_ar": "в”ҳГ в•Әв”Ӯв”ҳГҮв”ҳГҮв”ҳГҮв”ҳГҮв”ҳГҮв”ҳГҮв”ҳГҮв”ҳГҮв•ӘВәв•ӘВј в•ӘВәв”ҳГӨв•ӘВәв•Әв•Јв•Әв”Өв”ҳГҮв”ҳГҮв”ҳГҮв”ҳГҮв”ҳГҮв”ҳГҮв”ҳГҮв”ҳГҮв•ӘВәв•ӘВҝ",
            "description": "It helps relieve pain and fatigue, warm up and relax the muscles, which enhances\r\nmuscle relaxation and aids in eliminating toxins from the body thanks to the deep\r\nheat effect.",
            "description_en": "It helps relieve pain and fatigue, warm up and relax the muscles, which enhances\r\nmuscle relaxation and aids in eliminating toxins from the body thanks to the deep\r\nheat effect.",
            "description_ar": "в”ҳГЁв•Әв•Јв”ҳГ в”ҳГӨ в•Әв•Јв”ҳГӨв”ҳГ« в•ӘВ¬в•ӘВ«в”ҳГјв”ҳГЁв”ҳГј в•ӘВәв”ҳГӨв•ӘВ¬в”ҳГӘв•ӘВ¬в•Әв–’ в”ҳГӘв•ӘВ¬в”ҳГ§в•ӘВ»в•ӘВӘв•ӘвҢҗ в•ӘВәв”¬Гәв•Әв•Јв•Әв•Ўв•ӘВәв•ӘВҝ в”ҳГӘв•ӘВ¬в•ӘВЎв•Әв”Ӯв”ҳГЁв”ҳГҘ в•ӘВәв”ҳГӨв•ӘВ»в”ҳГӘв•Әв–’в•ӘвҢҗ в•ӘВәв”ҳГӨв•ӘВ»в”ҳГ в”ҳГӘв”ҳГЁв•ӘвҢҗ в”ҳГӘв•ӘВ¬в•ӘВ«в”ҳГјв”ҳГЁв”ҳГҮв”ҳГҮв”ҳГҮв”ҳГј в•ӘГів”ҳГӨв•ӘВәв”ҳГ  в•ӘВәв”ҳГӨв”ҳГ в”ҳГјв”ҳГҮв•ӘВәв•Әв•Ўв”ҳГӨ\r\nв”ҳГӘв•ӘВәв”ҳГӨв•Әв•Јв•Әв•ўв”ҳГӨв•ӘВәв•ӘВ¬",
            "specialty": "434e9efc-38e7-4ad4-9b9b-84991645a8b8",
            "country": "49feecf3-d3a1-4128-a2b7-cec4b979d473",
            "city": "ef783d8b-6e9b-4eee-90aa-db94e9ccbf56",
            "duration_minutes": 60,
            "currency": "KWD",
            "base_price": "25.00",
            "discount_price": null,
            "is_for_male": false,
            "is_for_female": true,
            "ideal_for": "",
            "ideal_for_en": null,
            "ideal_for_ar": null,
            "benefits": [],
            "spa_center": "f4b3d0ef-f1b9-4e1f-a923-bca636f6fa50",
            "is_eligible_for_loyalty": true,
            "is_active": true,
            "sort_order": 9,
            "created_at": "2026-04-02T06:17:14.650Z",
            "updated_at": "2026-04-02T06:17:14.650Z",
            "add_on_services": []
        }
    },
    {
        "model": "spacenter.service",
        "pk": "a85872b7-5503-47e5-b152-b04def5a9329",
        "fields": {
            "name": "THERAPY MASSAGE",
            "name_en": "THERAPY MASSAGE",
            "name_ar": "в”ҳГ в•Әв”Ӯв”ҳГҮв”ҳГҮв”ҳГҮв”ҳГҮв”ҳГҮв•ӘВәв•ӘВј в•Әв•Јв”ҳГӨв•ӘВәв•ӘВјв”ҳГҮв”ҳГҮв”ҳГҮв”ҳГЁ",
            "description": "It helps in Reducing psychological pressure в•ӘГ® Reducing mental stress в•ӘГ® Relieving tension and pain в•ӘГ® Improving blood circulation в•ӘГ® Enhancing overall body functions .",
            "description_en": "It helps in Reducing psychological pressure в•ӘГ® Reducing mental stress в•ӘГ® Relieving tension and pain в•ӘГ® Improving blood circulation в•ӘГ® Enhancing overall body functions .",
            "description_ar": "в”ҳГЁв•Әв•Јв”ҳГ в”ҳГӨ в•Әв•Јв”ҳГӨв”ҳГ« в•ӘВ¬в•ӘВ«в”ҳГјв”ҳГЁв”ҳГј в•ӘВәв”ҳГӨв•Әв•ўв•Әв•‘в•Әв•– в•ӘВәв”ҳГӨв”ҳГҘв”ҳГјв•Әв”Ӯв”ҳГҮв”ҳГЁ в•ӘГ® в•ӘВ¬в•ӘВ«в”ҳГјв”ҳГЁв”ҳГҮв”ҳГј в•ӘВәв”ҳГӨв•ӘВ¬в”ҳГҮв”ҳГӘв•ӘВ¬в”ҳГҮв•Әв–’ в•ӘВәв”ҳГӨв•Әв•Јв”ҳГ©в”ҳГӨв”ҳГҮв”ҳГЁ в•ӘГ® в•ӘВ¬в•ӘВ«в”ҳГјв”ҳГЁв”ҳГҮв”ҳГј в•ӘВәв”ҳГӨв•ӘВ¬в”ҳГӘв•ӘВ¬в”ҳГҮв•Әв–’ в”ҳГӘв•ӘВәв”ҳГӨв•ӘВәв”ҳГӨв”ҳГ  в•ӘГ® в•ӘВ¬в•ӘВЎв•Әв”Ӯв”ҳГЁв”ҳГҮв”ҳГҘ в•ӘВәв”ҳГӨв”ҳГҮв•ӘВ»в”ҳГӘв•Әв–’в•ӘвҢҗ в•ӘВәв”ҳГӨв•ӘВ»в”ҳГ в”ҳГӘв”ҳГЁв•ӘвҢҗ в•ӘГ® в•ӘВ¬в•ӘВЎв•Әв”Ӯв”ҳГЁв”ҳГҘ в”ҳГӘв•Әв••в•ӘВәв•ӘВӘв”ҳГј в•ӘВәв”ҳГӨв•ӘВјв•Әв”Ӯв”ҳГ  в•ӘВҝв•Әв”Өв”ҳГўв”ҳГӨ в•Әв•Јв”ҳГҮв”ҳГҮв•ӘВәв”ҳГ ",
            "specialty": "434e9efc-38e7-4ad4-9b9b-84991645a8b8",
            "country": "49feecf3-d3a1-4128-a2b7-cec4b979d473",
            "city": "fb3cb9f4-5a85-46f2-8edf-2ff5dac19fee",
            "duration_minutes": 60,
            "currency": "KWD",
            "base_price": "24.00",
            "discount_price": null,
            "is_for_male": false,
            "is_for_female": true,
            "ideal_for": "",
            "ideal_for_en": null,
            "ideal_for_ar": null,
            "benefits": [],
            "spa_center": "50003e65-fe48-4246-80f5-3208ef10cc2c",
            "is_eligible_for_loyalty": true,
            "is_active": true,
            "sort_order": 0,
            "created_at": "2026-04-02T06:55:17.525Z",
            "updated_at": "2026-04-02T06:55:17.525Z",
            "add_on_services": []
        }
    },
    {
        "model": "spacenter.service",
        "pk": "b7df4917-772f-42b4-895a-55e5bf596ce2",
        "fields": {
            "name": "STRESS RELES MASSAGE",
            "name_en": "STRESS RELES MASSAGE",
            "name_ar": "в”ҳГ в•Әв”Ӯв•ӘВәв•ӘВј в•ӘВәв•Әв”Ӯв•ӘВ¬в•Әв–’в”ҳГЁв•Әв”Ӯ в•Әв–’в•Әв”Ӯв”ҳГӨв”ҳГЁв•Әв”Ӯ",
            "description": "It is a massage that relieves stress and anxiety by reducing the stress hormone and\r\nincreasing the happiness hormone, which helps improve mood and reduces feelings\r\nof tension and anxiety",
            "description_en": "It is a massage that relieves stress and anxiety by reducing the stress hormone and\r\nincreasing the happiness hormone, which helps improve mood and reduces feelings\r\nof tension and anxiety",
            "description_ar": "в”ҳГ§в”ҳГӘ в”ҳГ в•Әв”Ӯв•ӘВәв•ӘВј в•ӘГ‘в•Әв–“в•ӘВәв”ҳГӨв•ӘвҢҗ в•ӘВәв”ҳГӨв•ӘВ¬в”ҳГӘв•ӘВ¬в•Әв–’ в”ҳГӘв•ӘВәв”ҳГӨв”ҳГ©в”ҳГӨв”ҳГ© в•Әв•Јв”ҳГҘ в•Әв•–в•Әв–’в”ҳГЁв”ҳГ© в•ӘВ«в”ҳГјв•Әв•ў в”ҳГ§в•Әв–’в”ҳГ в”ҳГӘв”ҳГҘ в•ӘВәв”ҳГӨв•ӘВ¬в”ҳГӘв•ӘВ¬в•Әв–’ в”ҳГӘв•Әв–“в”ҳГЁв•ӘВәв•ӘВ»в•ӘвҢҗ в”ҳГ§в•Әв–’в”ҳГ в”ҳГӘв”ҳГҘ в•ӘВәв”ҳГӨв•Әв”Ӯв•Әв•Јв•ӘВәв•ӘВ»в•ӘвҢҗ в”ҳГ в”ҳГ в•ӘВә в”ҳГЁв•Әв”Ӯв•ӘВәв•Әв•Јв•ӘВ»\r\nв•Әв•Јв”ҳГӨв”ҳГ« в•ӘВ¬в•Әв•Јв•ӘВ»в”ҳГЁв”ҳГӨ в•ӘВәв”ҳГӨв”ҳГ в•Әв–“в•ӘВәв•ӘВј в”ҳГӘв”ҳГЁв”ҳГ©в”ҳГӨв”ҳГӨ в”ҳГ в”ҳГҘ в•ӘВәв”ҳГӨв•Әв”Өв•Әв•Јв”ҳГӘв•Әв–’ в•ӘВҝв•ӘВәв”ҳГӨв•ӘВ¬в”ҳГӘв•ӘВ¬в•Әв–’ в”ҳГӘв•ӘВәв”ҳГӨв”ҳГ©в”ҳГӨв”ҳГ©",
            "specialty": "434e9efc-38e7-4ad4-9b9b-84991645a8b8",
            "country": "49feecf3-d3a1-4128-a2b7-cec4b979d473",
            "city": "fb3cb9f4-5a85-46f2-8edf-2ff5dac19fee",
            "duration_minutes": 60,
            "currency": "KWD",
            "base_price": "24.00",
            "discount_price": null,
            "is_for_male": false,
            "is_for_female": true,
            "ideal_for": "",
            "ideal_for_en": null,
            "ideal_for_ar": null,
            "benefits": [],
            "spa_center": "50003e65-fe48-4246-80f5-3208ef10cc2c",
            "is_eligible_for_loyalty": true,
            "is_active": true,
            "sort_order": 0,
            "created_at": "2026-04-02T06:58:38.134Z",
            "updated_at": "2026-04-02T06:58:38.134Z",
            "add_on_services": []
        }
    },
    {
        "model": "spacenter.service",
        "pk": "be1e6033-389f-4116-bdf1-f560360fa12d",
        "fields": {
            "name": "WOODEN LYMPHATIC MASSAGE (SLIMMING MASSAGE)",
            "name_en": "WOODEN LYMPHATIC MASSAGE (SLIMMING MASSAGE)",
            "name_ar": "в•ӘВәв”ҳГӨв”ҳГ в•Әв”Ӯв•ӘВәв•ӘВј в•ӘВәв”ҳГӨв”ҳГӨв”ҳГ в”ҳГјв•ӘВәв”ҳГӘв”ҳГЁ в•ӘВҝв•ӘВәв”ҳГӨв•ӘВәв•ӘВ«в•Әв”Өв•ӘВәв•ӘВҝ ( в”ҳГ в•Әв”Ӯв•ӘВәв•ӘВј в•ӘВәв”ҳГӨв•ӘВ¬в•ӘВ«в•Әв”Ӯв”ҳГЁв•Әв”Ӯ )",
            "description": "Stimulates blood and lymphatic circulation.\r\nHelps the body eliminate toxins and retained fluids.\r\nReduces bloating, leaving a feeling of lightness & comfort.\r\nFirms the skin, leaving it soft and radiant.\r\nRelieves stress and provides deep relaxation.",
            "description_en": "Stimulates blood and lymphatic circulation.\r\nHelps the body eliminate toxins and retained fluids.\r\nReduces bloating, leaving a feeling of lightness & comfort.\r\nFirms the skin, leaving it soft and radiant.\r\nRelieves stress and provides deep relaxation.",
            "description_ar": "в”ҳГЁв•ӘВЎв”ҳГјв•Әв–“ в•ӘВәв”ҳГӨв•ӘВ»в”ҳГӘв•Әв–’в•ӘвҢҗ в•ӘВәв”ҳГӨв•ӘВ»в”ҳГ в”ҳГӘв”ҳГЁв•ӘвҢҗ в”ҳГӘв•ӘВәв”ҳГӨв”ҳГӨв”ҳГ в”ҳГјв•ӘВәв”ҳГӘв”ҳГЁв•ӘвҢҗ в•ӘГ® в”ҳГЁв•Әв”Ӯв•ӘВәв•Әв•Јв•ӘВ» в•ӘВәв”ҳГӨв•ӘВјв•Әв”Ӯв”ҳГ  в”ҳГЁв•ӘВ¬в•ӘВ«в”ҳГӨв•Әв•Ў в”ҳГ в”ҳГҘ в•ӘВәв”ҳГӨв•Әв”Ӯв”ҳГ в”ҳГӘв”ҳГ  в”ҳГӘв•ӘВәв”ҳГӨв•Әв”Ӯв”ҳГӘв•ӘВәв•ӘВӘв”ҳГӨ в•ӘВәв”ҳГӨв”ҳГ в•ӘВЎв•ӘВ¬в•ӘВҝв•Әв”Ӯв”ҳГҮв•ӘвҢҗ в•ӘГ® в”ҳГЁв”ҳГ©в”ҳГӨв”ҳГӨ в•ӘВәв”ҳГӨв•ӘВәв”ҳГҘв•ӘВ¬в”ҳГјв•ӘВәв•ӘВ« в”ҳГӘв”ҳГЁв•Әв•Јв•Әв•–в”ҳГЁ в•ӘГ‘в•ӘВЎв•Әв”Ӯв•ӘВәв•Әв”Ӯ в•ӘВҝв•ӘВәв”ҳГӨв•ӘВ«в”ҳГјв”ҳГҮв”ҳГҮв”ҳГҮв”ҳГҮв•ӘвҢҗ в”ҳГӘв•ӘВәв”ҳГӨв•Әв–’в•ӘВәв•ӘВЎв•ӘвҢҗ в•ӘГ® в”ҳГЁв•Әв”Өв•ӘВ» в•ӘВәв”ҳГӨв•ӘВҝв•Әв”Өв•Әв–’в•ӘвҢҗ в”ҳГӘв”ҳГЁв•ӘВ¬в•Әв–’в”ҳГўв”ҳГ§в•ӘВә в”ҳГҘв•ӘВәв•Әв•Јв”ҳГ в•ӘвҢҗ в”ҳГӘв”ҳГ в•Әв”Өв•Әв–’в”ҳГ©в•ӘвҢҗ в•ӘГ® в”ҳГЁв•ӘВ«в”ҳГјв”ҳГј в•ӘВәв”ҳГӨв•ӘВ¬в”ҳГӘв•ӘВ¬в•Әв–’ в”ҳГӘв”ҳГЁв”ҳГ в”ҳГҘв•ӘВЎ в•ӘВәв•Әв”Ӯв•ӘВ¬в•Әв–’в•ӘВ«в•ӘВәв•ӘГӯ в•Әв•Јв”ҳГ в”ҳГЁв”ҳГ©",
            "specialty": "434e9efc-38e7-4ad4-9b9b-84991645a8b8",
            "country": "49feecf3-d3a1-4128-a2b7-cec4b979d473",
            "city": "ef783d8b-6e9b-4eee-90aa-db94e9ccbf56",
            "duration_minutes": 60,
            "currency": "KWD",
            "base_price": "25.00",
            "discount_price": null,
            "is_for_male": false,
            "is_for_female": true,
            "ideal_for": "",
            "ideal_for_en": null,
            "ideal_for_ar": null,
            "benefits": [],
            "spa_center": "f4b3d0ef-f1b9-4e1f-a923-bca636f6fa50",
            "is_eligible_for_loyalty": true,
            "is_active": true,
            "sort_order": 2,
            "created_at": "2026-04-02T05:33:22.928Z",
            "updated_at": "2026-04-02T05:55:43.229Z",
            "add_on_services": []
        }
    },
    {
        "model": "spacenter.service",
        "pk": "d1461964-2d05-4afe-9439-d6b44bf6fc3e",
        "fields": {
            "name": "EAR CANDLING",
            "name_en": "EAR CANDLING",
            "name_ar": "в•Әв”Өв”ҳГ в•Әв•Ј в•ӘВәв”ҳГӨв•ӘВәв•Әв–‘в”ҳГҘ в•ӘВҝв•ӘВәв”ҳГӨв•Әв”Өв”ҳГ в•Әв•Ј в•ӘВәв”ҳГӨв•ӘВЎв•Әв–’в•ӘВәв•Әв–’в”ҳГЁ",
            "description": "Earwax Removal\r\nHearing Improvement\r\nRelief of Ear Pressure or Blockage\r\nHeadache or Stress Relief",
            "description_en": "Earwax Removal\r\nHearing Improvement\r\nRelief of Ear Pressure or Blockage\r\nHeadache or Stress Relief",
            "description_ar": "в•ӘГ‘в•Әв–“в•ӘВәв”ҳГӨв”ҳГҮв”ҳГҮв”ҳГҮв”ҳГҮв”ҳГҮв”ҳГҮв”ҳГҮв”ҳГҮв”ҳГҮв”ҳГҮв”ҳГҮв”ҳГҮв”ҳГҮв”ҳГҮв”ҳГҮв”ҳГҮв•ӘвҢҗ в•Әв”Өв”ҳГ в”ҳГҮв”ҳГҮв”ҳГҮв”ҳГҮв”ҳГҮв”ҳГҮв”ҳГҮв”ҳГҮв”ҳГҮв”ҳГҮв”ҳГҮв”ҳГҮв”ҳГҮв”ҳГҮв”ҳГҮв•Әв•Ј в•ӘВәв”ҳГӨв•ӘВәв•Әв–‘в”ҳГҘ\r\nв•ӘВ¬в•ӘВЎв•Әв”Ӯв”ҳГЁв”ҳГҮв”ҳГҮв”ҳГҮв”ҳГҮв”ҳГҮв”ҳГҮв”ҳГҮв”ҳГҮв”ҳГҮв”ҳГҮв”ҳГҮв”ҳГҮв”ҳГҮв”ҳГҘ в•ӘВәв”ҳГӨв•Әв”Ӯв”ҳГ в”ҳГҮв”ҳГҮв”ҳГҮв”ҳГҮв”ҳГҮв”ҳГҮв”ҳГҮв”ҳГҮв”ҳГҮв”ҳГҮв”ҳГҮв”ҳГҮв”ҳГҮв”ҳГҮв”ҳГҮв”ҳГҮв”ҳГҮв”ҳГҮв•Әв•Ј\r\nв•ӘВ¬в•ӘВ«в”ҳГјв”ҳГЁв”ҳГј в•ӘВәв”ҳГӨв•Әв•ўв•Әв•‘в•Әв•– в•ӘГәв”ҳГӘ в•ӘВәв”ҳГҘв•Әв”Ӯв•ӘВ»в•ӘВәв•ӘВ» в•ӘВәв”ҳГӨв•ӘВәв•Әв–‘в”ҳГҘ\r\nв•ӘВ¬в”ҳГ§в•ӘВ»в•ӘВӘв•ӘвҢҗ в•ӘВәв”ҳГӨв•Әв•Ўв”ҳГҮв”ҳГҮв”ҳГҮв”ҳГҮв”ҳГҮв”ҳГҮв”ҳГҮв”ҳГҮв”ҳГҮв•ӘВ»в•ӘВәв•Әв•Ј в•ӘГәв”ҳГӘ в•ӘВәв”ҳГӨв•ӘВ¬в”ҳГҮв”ҳГҮв”ҳГҮв”ҳГҮв”ҳГҮв”ҳГҮв”ҳГҮв”ҳГҮв”ҳГҮв”ҳГҮв”ҳГӘв•ӘВ¬в•Әв–’",
            "specialty": "31a8acff-efc6-4490-b9c0-9e544bd1a0a1",
            "country": "49feecf3-d3a1-4128-a2b7-cec4b979d473",
            "city": "fb3cb9f4-5a85-46f2-8edf-2ff5dac19fee",
            "duration_minutes": 10,
            "currency": "KWD",
            "base_price": "5.00",
            "discount_price": null,
            "is_for_male": false,
            "is_for_female": true,
            "ideal_for": "",
            "ideal_for_en": null,
            "ideal_for_ar": null,
            "benefits": [],
            "spa_center": "50003e65-fe48-4246-80f5-3208ef10cc2c",
            "is_eligible_for_loyalty": true,
            "is_active": true,
            "sort_order": 0,
            "created_at": "2026-04-02T07:17:17.518Z",
            "updated_at": "2026-04-02T11:24:35.907Z",
            "add_on_services": []
        }
    },
    {
        "model": "spacenter.service",
        "pk": "d31dc791-3774-4a92-816b-9888f4995daf",
        "fields": {
            "name": "KASAT HWA",
            "name_en": "KASAT HWA",
            "name_ar": "в”ҳГўв•ӘВәв•Әв”Ӯв”ҳГҮв”ҳГҮв”ҳГҮв”ҳГҮв•ӘВәв•ӘВ¬ в•ӘВәв”ҳГӨв”ҳГ§в”ҳГӘв•ӘВә",
            "description": "Also known as dry cupping, this is an ancient therapeutic technique that uses special\r\ncups placed on the skin to stimulate blood circulation & naturally promote overall\r\nhealth. This method helps to: Improve blood flow, Relieve muscle pain, and Support\r\nthe bodyО“ГҮГ–s natural healing process.",
            "description_en": "Also known as dry cupping, this is an ancient therapeutic technique that uses special\r\ncups placed on the skin to stimulate blood circulation & naturally promote overall\r\nhealth. This method helps to: Improve blood flow, Relieve muscle pain, and Support\r\nthe bodyО“ГҮГ–s natural healing process.",
            "description_ar": "в”ҳГҜ в•ӘВәв”ҳГӨв”ҳГ в•Әв•Јв•Әв–’в”ҳГӘв”ҳГј в•ӘГәв”ҳГЁв•Әв•ўв•ӘВә в•ӘВҝв•ӘВәв•Әв”Ӯв”ҳГ  в•ӘВәв”ҳГӨв•ӘВЎв•ӘВјв•ӘВәв”ҳГ в•ӘвҢҗ в•ӘВәв”ҳГӨв•ӘВјв•ӘВәв”ҳГјв•ӘвҢҗв•ӘГ® в”ҳГ§в”ҳГӘ в•ӘГәв•Әв”Ӯв”ҳГӨв”ҳГӘв•ӘВҝ в•Әв•Јв”ҳГӨв•ӘВәв•ӘВјв”ҳГЁ в”ҳГ©в•ӘВ»в”ҳГЁв”ҳГ  в”ҳГЁв•Әв”Ӯв•ӘВ¬в•ӘВ«в•ӘВ»в”ҳГ  в”ҳГўв•ӘВәв•Әв”Ӯв•ӘВәв•ӘВ¬ в”ҳГ в•ӘВ«в•Әв•Ўв•Әв•Ўв•ӘвҢҗ в•Әв•Јв”ҳГӨв”ҳГ« в•ӘВәв”ҳГӨв•ӘВјв”ҳГӨв•ӘВ» в”ҳГӨв•ӘВ¬в•ӘВЎв”ҳГјв”ҳГЁв•Әв–“\r\nв•ӘВәв”ҳГӨв•ӘВ»в”ҳГӘв•Әв–’в•ӘвҢҗ в•ӘВәв”ҳГӨв•ӘВ»в”ҳГ в”ҳГӘв”ҳГЁв•ӘвҢҗ в”ҳГӘв•ӘВ¬в•Әв•Јв•Әв–“в”ҳГЁв•Әв–“ в•Әв•Ўв•ӘВЎв•ӘвҢҗ в•ӘВәв”ҳГӨв•ӘВјв•Әв”Ӯв”ҳГ  в•ӘВҝв•Әв”Өв”ҳГўв”ҳГӨ в•Әв•–в•ӘВҝв”ҳГЁв•Әв•Јв”ҳГЁ в”ҳГӘв•ӘВ¬в•Әв”Ӯв•ӘВәв•Әв•Јв•ӘВ» в”ҳГ§в•Әв–‘в”ҳГ§ в•ӘВәв”ҳГӨв•ӘВ¬в”ҳГ©в”ҳГҘв”ҳГЁв•ӘвҢҗ в•Әв•Јв”ҳГӨв”ҳГ«: в•ӘВ¬в•ӘВЎв•Әв”Ӯв”ҳГЁв”ҳГҘ в•ӘВ¬в•ӘВ»в”ҳГјв”ҳГ© в•ӘВәв”ҳГӨв•ӘВ»в”ҳГ в•ӘГ® в•ӘВ¬в•ӘВ«в”ҳГјв”ҳГЁв”ҳГј\r\nв•ӘВәв”ҳГӨв•ӘВәв”ҳГӨв•ӘВәв”ҳГ  в•ӘВәв”ҳГӨв•Әв•Јв•Әв•ўв”ҳГӨв”ҳГЁв•ӘвҢҗ в”ҳГӘв•ӘВ¬в•Әв•Јв•Әв–“в”ҳГЁв•Әв–“ в•ӘВәв”ҳГӨв•Әв”Өв”ҳГјв•ӘВәв•ӘГӯ в•ӘВәв”ҳГӨв•Әв•–в•ӘВҝв”ҳГЁв•Әв•Јв”ҳГЁ в”ҳГӨв”ҳГӨв•ӘВјв•Әв”Ӯв”ҳГ ",
            "specialty": "4df7e42f-c08f-4d75-9a33-bbcc00279f08",
            "country": "49feecf3-d3a1-4128-a2b7-cec4b979d473",
            "city": "fb3cb9f4-5a85-46f2-8edf-2ff5dac19fee",
            "duration_minutes": 30,
            "currency": "KWD",
            "base_price": "8.00",
            "discount_price": null,
            "is_for_male": false,
            "is_for_female": true,
            "ideal_for": "",
            "ideal_for_en": null,
            "ideal_for_ar": null,
            "benefits": [],
            "spa_center": "50003e65-fe48-4246-80f5-3208ef10cc2c",
            "is_eligible_for_loyalty": true,
            "is_active": true,
            "sort_order": 0,
            "created_at": "2026-04-02T07:15:24.022Z",
            "updated_at": "2026-04-02T07:15:24.022Z",
            "add_on_services": []
        }
    },
    {
        "model": "spacenter.service",
        "pk": "d6e4aee4-7d05-4d70-97dc-882b0e37fe74",
        "fields": {
            "name": "HOT STONE MASSAGE",
            "name_en": "HOT STONE MASSAGE",
            "name_ar": "в”ҳГ в•Әв”Ӯв•ӘВәв•ӘВј в•ӘВәв”ҳГӨв•Әв•Ўв•ӘВ«в”ҳГӘв•Әв–’ в•ӘВәв”ҳГӨв•ӘВҝв•Әв–’в”ҳГўв•ӘВәв”ҳГҘв”ҳГЁв•ӘвҢҗ",
            "description": "It helps relieve pain and fatigue, warm up and relax the muscles, which enhances",
            "description_en": "It helps relieve pain and fatigue, warm up and relax the muscles, which enhances",
            "description_ar": "в”ҳГЁв•Әв•Јв”ҳГ в”ҳГӨ в•Әв•Јв”ҳГӨв”ҳГ« в•ӘВ¬в•ӘВ«в”ҳГјв”ҳГЁв”ҳГј в•ӘВәв”ҳГӨв•ӘВәв”ҳГӨв”ҳГ  в”ҳГӘв•ӘВәв”ҳГӨв•ӘВәв•Әв–’в”ҳГ§в•ӘВәв”ҳГ© в”ҳГӘв•ӘВ¬в•ӘВ»в”ҳГјв•ӘВӘв•ӘвҢҗ в•ӘВәв”ҳГӨв•Әв•Јв•Әв•ўв”ҳГӨв•ӘВәв•ӘВ¬ в”ҳГӘв•ӘГ‘в•Әв–’в•ӘВ«в•ӘВәв•ӘВӘв”ҳГ§в•ӘВәв•ӘГ® в”ҳГ в”ҳГ в•ӘВә в”ҳГЁв•Әв•Јв”ҳГ в”ҳГӨ в•Әв•Јв”ҳГӨв”ҳГ« в•Әв–“в”ҳГЁв•ӘВәв•ӘВ»в•ӘвҢҗ в•ӘВәв•Әв”Ӯв•ӘВ¬в”ҳГҮв”ҳГҮв”ҳГҮв•Әв–’в•ӘВ«в•ӘВәв•ӘГӯ",
            "specialty": "434e9efc-38e7-4ad4-9b9b-84991645a8b8",
            "country": "49feecf3-d3a1-4128-a2b7-cec4b979d473",
            "city": "ef783d8b-6e9b-4eee-90aa-db94e9ccbf56",
            "duration_minutes": 60,
            "currency": "KWD",
            "base_price": "25.00",
            "discount_price": null,
            "is_for_male": false,
            "is_for_female": true,
            "ideal_for": "",
            "ideal_for_en": null,
            "ideal_for_ar": null,
            "benefits": [],
            "spa_center": "f4b3d0ef-f1b9-4e1f-a923-bca636f6fa50",
            "is_eligible_for_loyalty": true,
            "is_active": true,
            "sort_order": 10,
            "created_at": "2026-04-02T06:19:25.493Z",
            "updated_at": "2026-04-02T07:42:39.607Z",
            "add_on_services": []
        }
    },
    {
        "model": "spacenter.service",
        "pk": "d8055f90-ce9b-4fda-b3a1-64c74485cb83",
        "fields": {
            "name": "AFTER DELIVERY MASSAGE",
            "name_en": "AFTER DELIVERY MASSAGE",
            "name_ar": "в”ҳГ в•Әв”Ӯв”ҳГҮв”ҳГҮв”ҳГҮв”ҳГҮв”ҳГҮв”ҳГҮв•ӘВәв•ӘВј в”ҳГ в•ӘВә в•ӘВҝв•Әв•Јв”ҳГҮв”ҳГҮв”ҳГҮв”ҳГҮв”ҳГҮв”ҳГҮв•ӘВ» в•ӘВәв”ҳГӨв”ҳГҮв”ҳГҮв”ҳГҮв”ҳГҮв”ҳГҮв”ҳГҮв”ҳГӘв”ҳГӨв•ӘВәв•ӘВ»в•ӘвҢҗ",
            "description": "This massage is designed specifically for women after childbirth, and it helps with:\r\nRestoring the uterus to its natural position after delivery.\r\nRelieving back and abdominal pain caused by pregnancy and childbirth.\r\nPromoting overall relaxation and restoring energy after the pregnancy period",
            "description_en": "This massage is designed specifically for women after childbirth, and it helps with:\r\nRestoring the uterus to its natural position after delivery.\r\nRelieving back and abdominal pain caused by pregnancy and childbirth.\r\nPromoting overall relaxation and restoring energy after the pregnancy period",
            "description_ar": "в”ҳГ§в•Әв–‘в•ӘВә в•ӘВәв”ҳГӨв”ҳГ в•Әв”Ӯв”ҳГҮв”ҳГҮв”ҳГҮв”ҳГҮв•ӘВәв•ӘВј в”ҳГ в•ӘВ«в•Әв•Ўв•Әв•Ў в”ҳГӨв”ҳГӨв”ҳГҘв•Әв”Ӯв”ҳГҮв”ҳГҮв”ҳГҮв•ӘВәв•ӘГӯ в•ӘВҝв•Әв•Јв•ӘВ» в•ӘВәв”ҳГӨв”ҳГӘв”ҳГӨв•ӘВәв•ӘВ»в•ӘвҢҗв•ӘГ® в”ҳГӘв”ҳГЁв•Әв”Ӯв”ҳГҮв”ҳГҮв”ҳГҮв”ҳГҮв•ӘВәв•Әв•Јв•ӘВ» в•Әв•Јв”ҳГӨв”ҳГ«\r\nв•ӘГ‘в•Әв•Јв”ҳГҮв”ҳГҮв”ҳГҮв”ҳГҮв”ҳГҮв”ҳГҮв•ӘВәв•ӘВ»в•ӘвҢҗ в•ӘВәв”ҳГӨв•Әв–’в•ӘВЎв”ҳГҮв”ҳГҮв”ҳГҮв”ҳГҮв”ҳГҮв”ҳГҮв”ҳГ  в”ҳГӨв”ҳГӘв•Әв•ўв•Әв•Јв”ҳГҮв”ҳГҮв”ҳГҮв”ҳГҮв”ҳГҮв”ҳГҮв”ҳГҮв”ҳГҮв”ҳГҮв”ҳГ§ в•ӘВәв”ҳГӨв•Әв•–в•ӘВҝв”ҳГЁв•Әв•Јв”ҳГҮв”ҳГҮв”ҳГҮв”ҳГҮв”ҳГҮв”ҳГҮв”ҳГҮв”ҳГҮв”ҳГҮв”ҳГҮв”ҳГҮв”ҳГЁ в•ӘВҝв•Әв•Јв”ҳГҮв”ҳГҮв”ҳГҮв”ҳГҮв”ҳГҮв”ҳГҮв”ҳГҮв”ҳГҮв”ҳГҮв”ҳГҮв”ҳГҮв”ҳГҮв•ӘВ» в•ӘВәв”ҳГӨв”ҳГӘв”ҳГӨв•ӘВәв•ӘВ»в•ӘвҢҗ\r\nв•ӘВ¬в•ӘВ«в”ҳГјв”ҳГЁв”ҳГҮв”ҳГҮв”ҳГҮв”ҳГј в•ӘГів”ҳГӨв•ӘВәв”ҳГ  в•ӘВәв”ҳГӨв•Әв••в”ҳГ§в”ҳГҮв”ҳГҮв•Әв–’ в”ҳГӘв•ӘВәв”ҳГӨв•ӘВҝв•Әв•–в”ҳГҮв”ҳГҮв”ҳГҘ в•ӘВәв”ҳГӨв”ҳГҘв”ҳГҮв”ҳГҮв”ҳГҮв”ҳГҮв”ҳГҮв”ҳГҮв”ҳГҮв”ҳГҮв”ҳГҮв”ҳГҮв”ҳГҮв•ӘВәв•ӘВ¬в•ӘВјв•ӘвҢҗ в•Әв•Јв”ҳГҘ в•ӘВәв”ҳГӨв•ӘВЎв”ҳГ в”ҳГҮв”ҳГҮв”ҳГӨ в”ҳГӘв•ӘВәв”ҳГӨв”ҳГӘв”ҳГӨв•ӘВәв•ӘВ»в•ӘвҢҗ\r\nв•ӘВ¬в•Әв•Јв”ҳГҮв”ҳГҮв”ҳГҮв•Әв–“в”ҳГЁв•Әв–“ в•ӘВәв”ҳГӨв•ӘВәв•Әв”Ӯв•ӘВ¬в•Әв–’в•ӘВ«в”ҳГҮв”ҳГҮв”ҳГҮв•ӘВәв•ӘГӯ в•ӘВәв”ҳГӨв•Әв•Јв”ҳГҮв”ҳГҮв”ҳГҮв•ӘВәв”ҳГ  в”ҳГӘв•ӘВ¬в•ӘВјв•ӘВ»в”ҳГЁв•ӘВ» в•ӘВәв”ҳГӨв•Әв•–в”ҳГҮв”ҳГҮв”ҳГҮв”ҳГҮв”ҳГҮв”ҳГҮв”ҳГҮв”ҳГҮв”ҳГҮв•ӘВәв”ҳГ©в•ӘвҢҗ в•ӘВҝв•Әв•Јв•ӘВ» в”ҳГјв•ӘВ¬в•Әв–’в•ӘвҢҗ в•ӘВәв”ҳГӨв•ӘВЎв”ҳГ в”ҳГҮв”ҳГӨ",
            "specialty": "434e9efc-38e7-4ad4-9b9b-84991645a8b8",
            "country": "49feecf3-d3a1-4128-a2b7-cec4b979d473",
            "city": "fb3cb9f4-5a85-46f2-8edf-2ff5dac19fee",
            "duration_minutes": 60,
            "currency": "KWD",
            "base_price": "24.00",
            "discount_price": null,
            "is_for_male": false,
            "is_for_female": true,
            "ideal_for": "",
            "ideal_for_en": null,
            "ideal_for_ar": null,
            "benefits": [],
            "spa_center": "50003e65-fe48-4246-80f5-3208ef10cc2c",
            "is_eligible_for_loyalty": true,
            "is_active": true,
            "sort_order": 0,
            "created_at": "2026-04-02T07:04:24.121Z",
            "updated_at": "2026-04-09T10:16:33.226Z",
            "add_on_services": []
        }
    },
    {
        "model": "spacenter.service",
        "pk": "e370689d-0a3f-4650-997b-24d40e73c005",
        "fields": {
            "name": "PREGNANT MASSAGE",
            "name_en": "PREGNANT MASSAGE",
            "name_ar": "в”ҳГ в•Әв”Ӯв•ӘВәв•ӘВј в•ӘВәв”ҳГӨв•ӘВЎв•ӘВәв”ҳГ в”ҳГӨ",
            "description": "This massage caters to the needs of women during pregnancy, providing comfort\r\nand relaxation, relieving pain, improving blood circulation, and reducing swelling\r\nand foot edema",
            "description_en": "This massage caters to the needs of women during pregnancy, providing comfort\r\nand relaxation, relieving pain, improving blood circulation, and reducing swelling\r\nand foot edema",
            "description_ar": "в•ӘВәв”ҳГӨв”ҳГ в•Әв”Ӯв•ӘВәв•ӘВј в•ӘВәв”ҳГӨв•Әв–‘в”ҳГЁ в”ҳГЁв”ҳГӨв•ӘВҝв”ҳГЁ в•ӘВәв•ӘВЎв•ӘВ¬в”ҳГЁв•ӘВәв•ӘВјв•ӘВәв•ӘВ¬ в•ӘВәв”ҳГӨв”ҳГ в•Әв–’в•ӘГәв•ӘвҢҗ в•ӘГәв•ӘВҪв”ҳГҘв•ӘВәв•ӘГӯ в”ҳГјв•ӘВ¬в•Әв–’в•ӘвҢҗ в•ӘВәв”ҳГӨв•ӘВЎв”ҳГ в”ҳГӨ в”ҳГЁв•Әв•Јв”ҳГ в”ҳГӨ в•Әв•Јв”ҳГӨв”ҳГ« в•ӘВ¬в”ҳГӘв”ҳГјв”ҳГЁв•Әв–’ в•ӘВәв”ҳГӨв•Әв–’в•ӘВәв•ӘВЎв•ӘвҢҗ в”ҳГӘв•ӘВәв”ҳГӨв•ӘВәв•Әв”Ӯв•ӘВ¬в•Әв–’в•ӘВ«в•ӘВәв•ӘГӯ в”ҳГӘв•ӘВ¬в•ӘВ«в”ҳГјв”ҳГЁв”ҳГј\r\nв•ӘВәв”ҳГӨв•ӘВәв”ҳГ  в”ҳГӘв•ӘВ¬в•ӘВЎв•Әв”Ӯв”ҳГЁв”ҳГҘ в•ӘВәв”ҳГӨв•ӘВ»в”ҳГӘв•Әв–’в•ӘвҢҗ в•ӘВәв”ҳГӨв•ӘВ»в”ҳГ в”ҳГӘв”ҳГЁв•ӘвҢҗ в”ҳГӘв•ӘВ¬в•ӘВ«в”ҳГјв”ҳГЁв”ҳГј в•ӘВәв”ҳГҘв•ӘВ¬в”ҳГјв•ӘВәв•ӘВ«в•ӘВәв•ӘВ¬ в”ҳГӘв•ӘВ¬в”ҳГӘв•Әв–’в”ҳГ  в•ӘВәв”ҳГӨв”ҳГ©в•ӘВ»в”ҳГ ",
            "specialty": "434e9efc-38e7-4ad4-9b9b-84991645a8b8",
            "country": "49feecf3-d3a1-4128-a2b7-cec4b979d473",
            "city": "ef783d8b-6e9b-4eee-90aa-db94e9ccbf56",
            "duration_minutes": 60,
            "currency": "KWD",
            "base_price": "24.00",
            "discount_price": null,
            "is_for_male": false,
            "is_for_female": true,
            "ideal_for": "",
            "ideal_for_en": null,
            "ideal_for_ar": null,
            "benefits": [],
            "spa_center": "f4b3d0ef-f1b9-4e1f-a923-bca636f6fa50",
            "is_eligible_for_loyalty": true,
            "is_active": true,
            "sort_order": 5,
            "created_at": "2026-04-02T06:04:39.497Z",
            "updated_at": "2026-04-02T06:04:46.788Z",
            "add_on_services": []
        }
    },
    {
        "model": "spacenter.service",
        "pk": "e47e5601-347e-4b5a-af7d-89cf4a83b12e",
        "fields": {
            "name": "STRESS RELES MASSAGE",
            "name_en": "STRESS RELES MASSAGE",
            "name_ar": "в”ҳГ в•Әв”Ӯв•ӘВәв•ӘВј в•ӘВәв•Әв”Ӯв•ӘВ¬в•Әв–’в”ҳГЁв•Әв”Ӯ в•Әв–’в”ҳГЁв”ҳГӨв”ҳГЁв•Әв”Ӯ",
            "description": "It is a massage that relieves stress and anxiety by reducing the stress hormone and\r\nincreasing the happiness hormone, which helps improve mood and reduces feelings\r\nof tension and anxiety",
            "description_en": "It is a massage that relieves stress and anxiety by reducing the stress hormone and\r\nincreasing the happiness hormone, which helps improve mood and reduces feelings\r\nof tension and anxiety",
            "description_ar": "в”ҳГ§в”ҳГӘ в”ҳГ в•Әв”Ӯв•ӘВәв•ӘВј в•ӘГ‘в•Әв–“в•ӘВәв”ҳГӨв•ӘвҢҗ в•ӘВәв”ҳГӨв•ӘВ¬в”ҳГӘв•ӘВ¬в•Әв–’ в”ҳГӘв•ӘВәв”ҳГӨв”ҳГ©в”ҳГӨв”ҳГ© в•Әв•Јв”ҳГҘ в•Әв•–в•Әв–’в”ҳГЁв”ҳГ© в•ӘВ«в”ҳГјв•Әв•ў в”ҳГ§в•Әв–’в”ҳГ в”ҳГӘв”ҳГҘ в•ӘВәв”ҳГӨв•ӘВ¬в”ҳГӘв•ӘВ¬в•Әв–’ в”ҳГӘв•Әв–“в”ҳГЁв•ӘВәв•ӘВ»в•ӘвҢҗ в”ҳГ§в•Әв–’в”ҳГ в”ҳГӘв”ҳГҘ в•ӘВәв”ҳГӨв•Әв”Ӯв•Әв•Јв•ӘВәв•ӘВ»в•ӘвҢҗ в”ҳГ в”ҳГ в•ӘВә в”ҳГЁв•Әв”Ӯв•ӘВәв•Әв•Јв•ӘВ»\r\nв•Әв•Јв”ҳГӨв”ҳГ« в•ӘВ¬в•Әв•Јв•ӘВ»в”ҳГЁв”ҳГӨ в•ӘВәв”ҳГӨв”ҳГ в•Әв–“в•ӘВәв•ӘВј в”ҳГӘв”ҳГЁв”ҳГ©в”ҳГӨв”ҳГӨ в”ҳГ в”ҳГҘ в•ӘВәв”ҳГӨв•Әв”Өв•Әв•Јв”ҳГӘв•Әв–’ в•ӘВҝв•ӘВәв”ҳГӨв•ӘВ¬в”ҳГӘв•ӘВ¬в•Әв–’ в”ҳГӘв•ӘВәв”ҳГӨв”ҳГ©в”ҳГӨв”ҳГ©",
            "specialty": "434e9efc-38e7-4ad4-9b9b-84991645a8b8",
            "country": "49feecf3-d3a1-4128-a2b7-cec4b979d473",
            "city": "ef783d8b-6e9b-4eee-90aa-db94e9ccbf56",
            "duration_minutes": 60,
            "currency": "KWD",
            "base_price": "24.00",
            "discount_price": null,
            "is_for_male": false,
            "is_for_female": true,
            "ideal_for": "",
            "ideal_for_en": null,
            "ideal_for_ar": null,
            "benefits": [],
            "spa_center": "f4b3d0ef-f1b9-4e1f-a923-bca636f6fa50",
            "is_eligible_for_loyalty": true,
            "is_active": true,
            "sort_order": 4,
            "created_at": "2026-04-02T06:02:19.079Z",
            "updated_at": "2026-04-02T07:42:04.960Z",
            "add_on_services": []
        }
    },
    {
        "model": "spacenter.service",
        "pk": "f4297dbf-c297-4eb0-98a7-b52524859067",
        "fields": {
            "name": "WOODEN LYMPHATIC MASSAGE (SLIMMING MASSAGE)",
            "name_en": "WOODEN LYMPHATIC MASSAGE (SLIMMING MASSAGE)",
            "name_ar": "в•ӘВәв”ҳГӨв”ҳГ в•Әв”Ӯв•ӘВәв•ӘВј в•ӘВәв”ҳГӨв”ҳГӨв”ҳГ в”ҳГјв•ӘВәв”ҳГӘв”ҳГЁ в•ӘВҝв•ӘВәв”ҳГӨв•ӘВәв•ӘВ«в•Әв”Өв•ӘВәв•ӘВҝ ( в”ҳГ в•Әв”Ӯв•ӘВәв•ӘВј в•ӘВәв”ҳГӨв•ӘВ¬в•ӘВ«в•Әв”Ӯв”ҳГЁв•Әв”Ӯ )",
            "description": "Stimulates blood and lymphatic circulation.\r\nHelps the body eliminate toxins and retained fluids.\r\nReduces bloating, leaving a feeling of lightness & comfort.\r\nFirms the skin, leaving it soft and radiant.\r\nRelieves stress and provides deep relaxation.",
            "description_en": "Stimulates blood and lymphatic circulation.\r\nHelps the body eliminate toxins and retained fluids.\r\nReduces bloating, leaving a feeling of lightness & comfort.\r\nFirms the skin, leaving it soft and radiant.\r\nRelieves stress and provides deep relaxation.",
            "description_ar": "в”ҳГЁв•ӘВЎв”ҳГјв•Әв–“ в•ӘВәв”ҳГӨв•ӘВ»в”ҳГӘв•Әв–’в•ӘвҢҗ в•ӘВәв”ҳГӨв•ӘВ»в”ҳГ в”ҳГӘв”ҳГЁв•ӘвҢҗ в”ҳГӘв•ӘВәв”ҳГӨв”ҳГӨв”ҳГ в”ҳГјв•ӘВәв”ҳГӘв”ҳГЁв•ӘвҢҗ в•ӘГ® в”ҳГЁв•Әв”Ӯв•ӘВәв•Әв•Јв•ӘВ» в•ӘВәв”ҳГӨв•ӘВјв•Әв”Ӯв”ҳГ  в”ҳГЁв•ӘВ¬в•ӘВ«в”ҳГӨв•Әв•Ў в”ҳГ в”ҳГҘ в•ӘВәв”ҳГӨв•Әв”Ӯв”ҳГ в”ҳГӘв”ҳГ  в”ҳГӘв•ӘВәв”ҳГӨв•Әв”Ӯв”ҳГӘв•ӘВәв•ӘВӘв”ҳГӨ в•ӘВәв”ҳГӨв”ҳГ в•ӘВЎв•ӘВ¬в•ӘВҝв•Әв”Ӯв”ҳГҮв•ӘвҢҗ в•ӘГ® в”ҳГЁв”ҳГ©в”ҳГӨв”ҳГӨ в•ӘВәв”ҳГӨв•ӘВәв”ҳГҘв•ӘВ¬в”ҳГјв•ӘВәв•ӘВ« в”ҳГӘв”ҳГЁв•Әв•Јв•Әв•–в”ҳГЁ в•ӘГ‘в•ӘВЎв•Әв”Ӯв•ӘВәв•Әв”Ӯ в•ӘВҝв•ӘВәв”ҳГӨв•ӘВ«в”ҳГјв”ҳГҮв”ҳГҮв”ҳГҮв”ҳГҮв•ӘвҢҗ в”ҳГӘв•ӘВәв”ҳГӨв•Әв–’в•ӘВәв•ӘВЎв•ӘвҢҗ в•ӘГ® в”ҳГЁв•Әв”Өв•ӘВ» в•ӘВәв”ҳГӨв•ӘВҝв•Әв”Өв•Әв–’в•ӘвҢҗ в”ҳГӘв”ҳГЁв•ӘВ¬в•Әв–’в”ҳГўв”ҳГ§в•ӘВә в”ҳГҘв•ӘВәв•Әв•Јв”ҳГ в•ӘвҢҗ в”ҳГӘв”ҳГ в•Әв”Өв•Әв–’в”ҳГ©в•ӘвҢҗ в•ӘГ® в”ҳГЁв•ӘВ«в”ҳГјв”ҳГј в•ӘВәв”ҳГӨв•ӘВ¬в”ҳГӘв•ӘВ¬в•Әв–’ в”ҳГӘв”ҳГЁв”ҳГ в”ҳГҘв•ӘВЎ в•ӘВәв•Әв”Ӯв•ӘВ¬в•Әв–’в•ӘВ«в•ӘВәв•ӘГӯ в•Әв•Јв”ҳГ в”ҳГЁв”ҳГ©",
            "specialty": "434e9efc-38e7-4ad4-9b9b-84991645a8b8",
            "country": "49feecf3-d3a1-4128-a2b7-cec4b979d473",
            "city": "fb3cb9f4-5a85-46f2-8edf-2ff5dac19fee",
            "duration_minutes": 60,
            "currency": "KWD",
            "base_price": "25.00",
            "discount_price": null,
            "is_for_male": false,
            "is_for_female": true,
            "ideal_for": "",
            "ideal_for_en": null,
            "ideal_for_ar": null,
            "benefits": [],
            "spa_center": "50003e65-fe48-4246-80f5-3208ef10cc2c",
            "is_eligible_for_loyalty": true,
            "is_active": true,
            "sort_order": 1,
            "created_at": "2026-04-02T06:52:30.037Z",
            "updated_at": "2026-04-02T06:52:30.037Z",
            "add_on_services": []
        }
    },
    {
        "model": "spacenter.service",
        "pk": "f8b6a783-4ced-4071-9755-bab6f320a727",
        "fields": {
            "name": "HOT STONE MASSAGE",
            "name_en": "HOT STONE MASSAGE",
            "name_ar": "в”ҳГ в•Әв”Ӯв•ӘВәв•ӘВј в•ӘВәв”ҳГӨв•Әв•Ўв•ӘВ«в”ҳГӘв•Әв–’ в•ӘВәв”ҳГӨв•ӘВҝв•Әв–’в”ҳГўв•ӘВәв”ҳГҘв”ҳГЁв•ӘвҢҗ",
            "description": "It helps relieve pain and fatigue, warm up and relax the muscles, which enhances",
            "description_en": "It helps relieve pain and fatigue, warm up and relax the muscles, which enhances",
            "description_ar": "в”ҳГЁв•Әв•Јв”ҳГ в”ҳГӨ в•Әв•Јв”ҳГӨв”ҳГ« в•ӘВ¬в•ӘВ«в”ҳГјв”ҳГЁв”ҳГј в•ӘВәв”ҳГӨв•ӘВәв”ҳГӨв”ҳГ  в”ҳГӘв•ӘВәв”ҳГӨв•ӘВәв•Әв–’в”ҳГ§в•ӘВәв”ҳГ© в”ҳГӘв•ӘВ¬в•ӘВ»в”ҳГјв•ӘВӘв•ӘвҢҗ в•ӘВәв”ҳГӨв•Әв•Јв•Әв•ўв”ҳГӨв•ӘВәв•ӘВ¬ в”ҳГӘв•ӘГ‘в•Әв–’в•ӘВ«в•ӘВәв•ӘВӘв”ҳГ§в•ӘВәв•ӘГ® в”ҳГ в”ҳГ в•ӘВә в”ҳГЁв•Әв•Јв”ҳГ в”ҳГӨ в•Әв•Јв”ҳГӨв”ҳГ« в•Әв–“в”ҳГЁв•ӘВәв•ӘВ»в•ӘвҢҗ в•ӘВәв•Әв”Ӯв•ӘВ¬в”ҳГҮв”ҳГҮв”ҳГҮв•Әв–’в•ӘВ«в•ӘВәв•ӘГӯ",
            "specialty": "434e9efc-38e7-4ad4-9b9b-84991645a8b8",
            "country": "49feecf3-d3a1-4128-a2b7-cec4b979d473",
            "city": "fb3cb9f4-5a85-46f2-8edf-2ff5dac19fee",
            "duration_minutes": 60,
            "currency": "KWD",
            "base_price": "25.00",
            "discount_price": null,
            "is_for_male": false,
            "is_for_female": true,
            "ideal_for": "",
            "ideal_for_en": null,
            "ideal_for_ar": null,
            "benefits": [],
            "spa_center": "50003e65-fe48-4246-80f5-3208ef10cc2c",
            "is_eligible_for_loyalty": true,
            "is_active": true,
            "sort_order": 0,
            "created_at": "2026-04-02T07:11:14.535Z",
            "updated_at": "2026-04-02T07:11:14.535Z",
            "add_on_services": []
        }
    },
    {
        "model": "spacenter.serviceimage",
        "pk": "0430c483-c60b-4fa7-9244-3905a62d165a",
        "fields": {
            "service": "2adcd096-b9ee-4738-8122-b68df6f4084b",
            "image": "services/images/USH_JACUZZI.jpeg",
            "alt_text": "",
            "is_primary": true,
            "sort_order": 0,
            "created_at": "2026-04-02T06:38:09.987Z"
        }
    },
    {
        "model": "spacenter.serviceimage",
        "pk": "0526a33f-85ae-4545-bd34-828b0f7717ba",
        "fields": {
            "service": "9ce805da-74fa-4f9e-891f-bf39b6d7254c",
            "image": "services/images/royal_massage.jpeg",
            "alt_text": "",
            "is_primary": true,
            "sort_order": 0,
            "created_at": "2026-04-02T06:11:56.386Z"
        }
    },
    {
        "model": "spacenter.serviceimage",
        "pk": "07b45136-8928-4e0f-89c3-20dd7c58113f",
        "fields": {
            "service": "9d00135f-a512-4381-aa65-6541c0480839",
            "image": "services/images/THAI_MASSAGE_aMllRlz.jpeg",
            "alt_text": "",
            "is_primary": true,
            "sort_order": 0,
            "created_at": "2026-04-02T07:05:56.288Z"
        }
    },
    {
        "model": "spacenter.serviceimage",
        "pk": "0f84ab8d-d619-49ee-9024-7789c9f6b682",
        "fields": {
            "service": "0fb870dc-dc9e-43ac-be11-1ec2c2813d91",
            "image": "services/images/USH_SAUNA.jpeg",
            "alt_text": "",
            "is_primary": true,
            "sort_order": 0,
            "created_at": "2026-04-02T06:40:11.383Z"
        }
    },
    {
        "model": "spacenter.serviceimage",
        "pk": "126ff253-0502-469f-b645-a62cfc0e81ff",
        "fields": {
            "service": "89253c30-68b1-4783-861b-376ced1f03c0",
            "image": "services/images/e9183d048a94a34a98c4add22ac20ffa.webp",
            "alt_text": "Holistic Reflexology",
            "is_primary": true,
            "sort_order": 0,
            "created_at": "2026-04-01T08:07:14.892Z"
        }
    },
    {
        "model": "spacenter.serviceimage",
        "pk": "1dd36658-7b28-4191-a0a5-67c1a3d3908b",
        "fields": {
            "service": "96967532-9af9-4821-82b6-fadb2bb61420",
            "image": "services/images/EAR_CANDLING.PNG",
            "alt_text": "",
            "is_primary": true,
            "sort_order": 0,
            "created_at": "2026-04-02T06:33:45.890Z"
        }
    },
    {
        "model": "spacenter.serviceimage",
        "pk": "22166dfe-80a6-49bb-9acd-abd7d422391d",
        "fields": {
            "service": "b7df4917-772f-42b4-895a-55e5bf596ce2",
            "image": "services/images/THAI_MASSAGE.jpeg",
            "alt_text": "",
            "is_primary": true,
            "sort_order": 0,
            "created_at": "2026-04-02T06:58:38.139Z"
        }
    },
    {
        "model": "spacenter.serviceimage",
        "pk": "23a064aa-b0fe-4d7e-91bb-393e4d3879f4",
        "fields": {
            "service": "d31dc791-3774-4a92-816b-9888f4995daf",
            "image": "services/images/KASAT_HWA.jpeg",
            "alt_text": "",
            "is_primary": true,
            "sort_order": 0,
            "created_at": "2026-04-02T07:15:24.025Z"
        }
    },
    {
        "model": "spacenter.serviceimage",
        "pk": "254f2c6b-0eba-433f-b87e-9c2264218ada",
        "fields": {
            "service": "8034529f-9b4a-46e6-b1b9-12f7f120d4ef",
            "image": "services/images/FOOT_MASSAGE_lYSq0R0.jpeg",
            "alt_text": "",
            "is_primary": true,
            "sort_order": 0,
            "created_at": "2026-04-02T05:30:32.850Z"
        }
    },
    {
        "model": "spacenter.serviceimage",
        "pk": "2910ba5f-28f2-496e-b6c5-c88f2cffe4ba",
        "fields": {
            "service": "2f6133f6-a92d-44c6-bd8d-096eb7a8b008",
            "image": "services/images/THERAPY_MASSAGE.jpeg",
            "alt_text": "",
            "is_primary": true,
            "sort_order": 0,
            "created_at": "2026-04-02T05:38:33.221Z"
        }
    },
    {
        "model": "spacenter.serviceimage",
        "pk": "2cb0dcc2-8545-496a-b6e9-2df7fbdb634b",
        "fields": {
            "service": "9c33caf5-d711-405f-b4d6-fd192c2c271b",
            "image": "services/images/THAI_MASSAGE.jpeg",
            "alt_text": "",
            "is_primary": true,
            "sort_order": 0,
            "created_at": "2026-04-02T06:14:21.643Z"
        }
    },
    {
        "model": "spacenter.serviceimage",
        "pk": "2e48e9a7-8857-42f9-9e87-d3e0d0c60acd",
        "fields": {
            "service": "d8055f90-ce9b-4fda-b3a1-64c74485cb83",
            "image": "services/images/AFTER_DELIVERY_MASSAGE.jpeg",
            "alt_text": "",
            "is_primary": true,
            "sort_order": 0,
            "created_at": "2026-04-02T07:04:24.131Z"
        }
    },
    {
        "model": "spacenter.serviceimage",
        "pk": "42fa7d32-cab0-4bd4-a4a5-8b3d873b2609",
        "fields": {
            "service": "4622ac08-60d1-4f07-b7b5-b68b33be8cbe",
            "image": "services/images/ROYAL_PACKAGE.jpeg",
            "alt_text": "",
            "is_primary": true,
            "sort_order": 0,
            "created_at": "2026-04-02T07:31:01.238Z"
        }
    },
    {
        "model": "spacenter.serviceimage",
        "pk": "4eb19628-3cc0-4ecc-a5a1-f163741102aa",
        "fields": {
            "service": "30145ca8-e645-4a51-9fc3-b1f98691a5c9",
            "image": "services/images/PAMPERING_PACKAGE.jpeg",
            "alt_text": "",
            "is_primary": true,
            "sort_order": 0,
            "created_at": "2026-04-02T07:35:18.322Z"
        }
    },
    {
        "model": "spacenter.serviceimage",
        "pk": "4f19a673-cf2a-4f97-8290-0ca9fd078004",
        "fields": {
            "service": "e47e5601-347e-4b5a-af7d-89cf4a83b12e",
            "image": "services/images/THAI_MASSAGE_v9YnoQz.jpeg",
            "alt_text": "",
            "is_primary": true,
            "sort_order": 0,
            "created_at": "2026-04-02T06:02:19.083Z"
        }
    },
    {
        "model": "spacenter.serviceimage",
        "pk": "5ab90291-7dfa-4e60-a478-416a0e0a89b5",
        "fields": {
            "service": "027729f9-fd7a-41f5-af1f-7fe38d2209ec",
            "image": "services/images/PREGNANT_MASSAGE.jpeg",
            "alt_text": "",
            "is_primary": true,
            "sort_order": 0,
            "created_at": "2026-04-02T07:00:30.581Z"
        }
    },
    {
        "model": "spacenter.serviceimage",
        "pk": "61341e5f-2b55-4e75-83c9-3f3c035e40e5",
        "fields": {
            "service": "d1461964-2d05-4afe-9439-d6b44bf6fc3e",
            "image": "services/images/EAR_CANDLING.PNG",
            "alt_text": "",
            "is_primary": true,
            "sort_order": 0,
            "created_at": "2026-04-02T07:17:17.526Z"
        }
    },
    {
        "model": "spacenter.serviceimage",
        "pk": "76b50653-a577-40cc-9011-a0f81d5d5345",
        "fields": {
            "service": "23c1d373-142e-4c64-b05f-1ed5105bac39",
            "image": "services/images/GOLDEN_MOROCCAN_PACKAGE.jpeg",
            "alt_text": "",
            "is_primary": true,
            "sort_order": 0,
            "created_at": "2026-04-02T07:33:07.963Z"
        }
    },
    {
        "model": "spacenter.serviceimage",
        "pk": "7915e80d-c77a-4f0f-86b2-d609a95b170f",
        "fields": {
            "service": "6f5d3a2b-b05c-453d-afb3-49cfa9123aab",
            "image": "services/images/royal_massage.jpeg",
            "alt_text": "",
            "is_primary": true,
            "sort_order": 0,
            "created_at": "2026-04-02T07:39:22.091Z"
        }
    },
    {
        "model": "spacenter.serviceimage",
        "pk": "7d73af68-b317-4303-9b84-abaca7abeb8e",
        "fields": {
            "service": "d6e4aee4-7d05-4d70-97dc-882b0e37fe74",
            "image": "services/images/HOT_STONE_MASSAGE.PNG",
            "alt_text": "",
            "is_primary": true,
            "sort_order": 0,
            "created_at": "2026-04-02T06:19:25.498Z"
        }
    },
    {
        "model": "spacenter.serviceimage",
        "pk": "839fa7c2-9ca9-4ffd-9493-abe427a186b4",
        "fields": {
            "service": "e370689d-0a3f-4650-997b-24d40e73c005",
            "image": "services/images/PREGNANT_MASSAGE.jpeg",
            "alt_text": "",
            "is_primary": true,
            "sort_order": 0,
            "created_at": "2026-04-02T06:04:39.501Z"
        }
    },
    {
        "model": "spacenter.serviceimage",
        "pk": "8eddf771-67d6-44fd-82ae-6bb1fb67900b",
        "fields": {
            "service": "8d1d474d-b920-4a02-a358-8f08d9d992c1",
            "image": "services/images/LIGHT_LUXURY_PACKAGE.jpeg",
            "alt_text": "",
            "is_primary": true,
            "sort_order": 0,
            "created_at": "2026-04-02T07:37:22.790Z"
        }
    },
    {
        "model": "spacenter.serviceimage",
        "pk": "97a2f166-8e9e-4684-b3fc-4f7d0e2bd00f",
        "fields": {
            "service": "8a315805-ec7d-44b4-adba-b9eb0d569a87",
            "image": "services/images/FOOT_MASSAGE.jpeg",
            "alt_text": "",
            "is_primary": true,
            "sort_order": 0,
            "created_at": "2026-04-02T06:50:28.283Z"
        }
    },
    {
        "model": "spacenter.serviceimage",
        "pk": "9ffc2af1-5908-4b92-8ab0-74384508d2e7",
        "fields": {
            "service": "88e68919-74ee-45eb-a07b-a3a483fa83b0",
            "image": "services/images/SWEIDISH_MASSAGE.jpeg",
            "alt_text": "",
            "is_primary": true,
            "sort_order": 0,
            "created_at": "2026-04-02T07:02:20.682Z"
        }
    },
    {
        "model": "spacenter.serviceimage",
        "pk": "a02e6723-2d78-40e8-9096-278e0c6d8bd6",
        "fields": {
            "service": "66701866-4f73-4a3f-8c6d-e0bed1b15d9f",
            "image": "services/images/KASAT_HWA.jpeg",
            "alt_text": "",
            "is_primary": true,
            "sort_order": 0,
            "created_at": "2026-04-02T06:30:26.593Z"
        }
    },
    {
        "model": "spacenter.serviceimage",
        "pk": "ac2f7adf-d989-49e2-95e5-34e75dde23dc",
        "fields": {
            "service": "be1e6033-389f-4116-bdf1-f560360fa12d",
            "image": "services/images/WOODEN_LYMPHATIC_MASSAGE_SLIMMING_MASSAGE.PNG",
            "alt_text": "",
            "is_primary": true,
            "sort_order": 0,
            "created_at": "2026-04-02T05:33:22.934Z"
        }
    },
    {
        "model": "spacenter.serviceimage",
        "pk": "afc41d69-85ce-4596-878b-1db579d7512c",
        "fields": {
            "service": "f8b6a783-4ced-4071-9755-bab6f320a727",
            "image": "services/images/HOT_STONE_MASSAGE.PNG",
            "alt_text": "",
            "is_primary": true,
            "sort_order": 0,
            "created_at": "2026-04-02T07:11:14.540Z"
        }
    },
    {
        "model": "spacenter.serviceimage",
        "pk": "bd6040e0-987c-4072-9402-56fa89876e95",
        "fields": {
            "service": "02f857bb-0536-4958-9c68-3d134be875cd",
            "image": "services/images/HERBEL_MASSAGE.jpeg",
            "alt_text": "",
            "is_primary": true,
            "sort_order": 0,
            "created_at": "2026-04-02T07:07:37.741Z"
        }
    },
    {
        "model": "spacenter.serviceimage",
        "pk": "d124e551-7381-4021-bf69-a9a49d7ea4ae",
        "fields": {
            "service": "35f49daf-5b5c-49f8-99b8-096f0584d34e",
            "image": "services/images/Moroccan_bath_USH.jpeg",
            "alt_text": "",
            "is_primary": true,
            "sort_order": 0,
            "created_at": "2026-04-02T07:23:54.468Z"
        }
    },
    {
        "model": "spacenter.serviceimage",
        "pk": "d2c5189b-cb74-46ae-aaad-e497bd8021de",
        "fields": {
            "service": "417d6d2b-86ac-4e36-87a0-74085554a5ec",
            "image": "services/images/USH_SAUNA.jpeg",
            "alt_text": "",
            "is_primary": true,
            "sort_order": 0,
            "created_at": "2026-04-02T07:21:28.440Z"
        }
    },
    {
        "model": "spacenter.serviceimage",
        "pk": "d57ac7e4-f06a-4bff-bcae-f6146576f6b1",
        "fields": {
            "service": "a85872b7-5503-47e5-b152-b04def5a9329",
            "image": "services/images/THERAPY_MASSAGE.jpeg",
            "alt_text": "",
            "is_primary": true,
            "sort_order": 0,
            "created_at": "2026-04-02T06:55:17.530Z"
        }
    },
    {
        "model": "spacenter.serviceimage",
        "pk": "d8b1d8f4-c44c-463f-81bb-eb90f38f0d17",
        "fields": {
            "service": "723f9de5-5526-40dd-a0b2-00c326c649e8",
            "image": "services/images/SWEIDISH_MASSAGE.jpeg",
            "alt_text": "",
            "is_primary": true,
            "sort_order": 0,
            "created_at": "2026-04-02T06:09:31.194Z"
        }
    },
    {
        "model": "spacenter.serviceimage",
        "pk": "e120f82b-6404-410f-904e-05bcae21acea",
        "fields": {
            "service": "8794ba27-d27b-47aa-b27a-a09126c66ff2",
            "image": "services/images/USH_JACUZZI.jpeg",
            "alt_text": "",
            "is_primary": true,
            "sort_order": 0,
            "created_at": "2026-04-02T07:19:39.764Z"
        }
    },
    {
        "model": "spacenter.serviceimage",
        "pk": "eec2c2b3-6edb-4486-b093-8c4c13cb54f9",
        "fields": {
            "service": "f4297dbf-c297-4eb0-98a7-b52524859067",
            "image": "services/images/WOODEN_LYMPHATIC_MASSAGE_SLIMMING_MASSAGE.PNG",
            "alt_text": "",
            "is_primary": true,
            "sort_order": 0,
            "created_at": "2026-04-02T06:52:30.044Z"
        }
    },
    {
        "model": "spacenter.serviceimage",
        "pk": "f9aed4aa-7775-4657-8048-bb4e11c9be4c",
        "fields": {
            "service": "6e1a42e8-e81d-4689-82dc-f84caa9c3f2f",
            "image": "services/images/JAPANESE_HAIR_DETOX.jpeg",
            "alt_text": "",
            "is_primary": true,
            "sort_order": 0,
            "created_at": "2026-04-01T11:46:50.800Z"
        }
    },
    {
        "model": "spacenter.serviceimage",
        "pk": "f9afbc86-41c7-46f8-86ab-2d7705a78334",
        "fields": {
            "service": "a66994f4-8ab4-41ae-81f7-fc41529741bb",
            "image": "services/images/HERBEL_MASSAGE.jpeg",
            "alt_text": "",
            "is_primary": true,
            "sort_order": 0,
            "created_at": "2026-04-02T06:17:14.657Z"
        }
    },
    {
        "model": "spacenter.productcategory",
        "pk": "0f5fe983-a3d9-4193-9aff-4e0fde8479c8",
        "fields": {
            "name": "Hair Care",
            "name_en": "Hair Care",
            "name_ar": "в•ӘВәв”ҳГӨв•Әв•Јв”ҳГҘв•ӘВәв”ҳГЁв•ӘвҢҗ в•ӘВҝв•ӘВәв”ҳГӨв•Әв”Өв•Әв•Јв•Әв–’",
            "description": "Premium hair care and scalp treatment products.",
            "description_en": "Premium hair care and scalp treatment products.",
            "description_ar": "в”ҳГ в”ҳГҘв•ӘВ¬в•ӘВјв•ӘВәв•ӘВ¬ в”ҳГјв•ӘВәв•ӘВ«в•Әв–’в•ӘвҢҗ в”ҳГӨв”ҳГӨв•Әв•Јв”ҳГҘв•ӘВәв”ҳГЁв•ӘвҢҗ в•ӘВҝв•ӘВәв”ҳГӨв•Әв”Өв•Әв•Јв•Әв–’ в”ҳГӘв•Әв•Јв”ҳГӨв•ӘВәв•ӘВј в”ҳГјв•Әв–’в”ҳГӘв•ӘвҢҗ в•ӘВәв”ҳГӨв•Әв–’в•ӘГәв•Әв”Ӯ.",
            "is_active": true,
            "sort_order": 0,
            "created_at": "2026-04-01T08:07:20.257Z",
            "updated_at": "2026-04-01T08:07:20.257Z"
        }
    },
    {
        "model": "spacenter.productcategory",
        "pk": "23dc6121-ce53-4cb7-a8d6-40c533d27895",
        "fields": {
            "name": "Body Care",
            "name_en": "Body Care",
            "name_ar": "в•ӘВәв”ҳГӨв•Әв•Јв”ҳГҘв•ӘВәв”ҳГЁв•ӘвҢҗ в•ӘВҝв•ӘВәв”ҳГӨв•ӘВјв•Әв”Ӯв”ҳГ ",
            "description": "Lotions, oils, and body treatment products.",
            "description_en": "Lotions, oils, and body treatment products.",
            "description_ar": "в”ҳГӨв”ҳГӘв•Әв”Өв”ҳГҘ в”ҳГӘв•Әв–“в”ҳГЁв”ҳГӘв•ӘВ¬ в”ҳГӘв”ҳГ в”ҳГҘв•ӘВ¬в•ӘВјв•ӘВәв•ӘВ¬ в•ӘВәв”ҳГӨв•Әв•Јв”ҳГҘв•ӘВәв”ҳГЁв•ӘвҢҗ в•ӘВҝв•ӘВәв”ҳГӨв•ӘВјв•Әв”Ӯв”ҳГ .",
            "is_active": true,
            "sort_order": 0,
            "created_at": "2026-04-01T08:07:20.248Z",
            "updated_at": "2026-04-01T08:07:20.248Z"
        }
    },
    {
        "model": "spacenter.productcategory",
        "pk": "897c8844-2ac1-4603-9511-e9822d7772fc",
        "fields": {
            "name": "Wellness",
            "name_en": "Wellness",
            "name_ar": "в•ӘВәв”ҳГӨв•Әв•Јв•ӘВәв”ҳГјв”ҳГЁв•ӘвҢҗ",
            "description": "Health supplements, teas, and wellness accessories.",
            "description_en": "Health supplements, teas, and wellness accessories.",
            "description_ar": "в”ҳГ в”ҳГўв”ҳГ в”ҳГӨв•ӘВәв•ӘВ¬ в•Әв•Ўв•ӘВЎв”ҳГЁв•ӘвҢҗ в”ҳГӘв•Әв”Өв•ӘВәв”ҳГЁ в”ҳГӘв•ӘГ‘в”ҳГўв•Әв”Ӯв•Әв”Ӯв”ҳГӘв•ӘВәв•Әв–’в•ӘВәв•ӘВ¬ в•ӘВәв”ҳГӨв•Әв•Јв•ӘВәв”ҳГјв”ҳГЁв•ӘвҢҗ.",
            "is_active": true,
            "sort_order": 0,
            "created_at": "2026-04-01T08:07:20.262Z",
            "updated_at": "2026-04-01T08:07:20.262Z"
        }
    },
    {
        "model": "spacenter.productcategory",
        "pk": "987acc75-72c8-4d27-802a-62a6d672f4ef",
        "fields": {
            "name": "Skincare",
            "name_en": "Skincare",
            "name_ar": "в•ӘВәв”ҳГӨв•Әв•Јв”ҳГҘв•ӘВәв”ҳГЁв•ӘвҢҗ в•ӘВҝв•ӘВәв”ҳГӨв•ӘВҝв•Әв”Өв•Әв–’в•ӘвҢҗ",
            "description": "Professional skincare products for face and body.",
            "description_en": "Professional skincare products for face and body.",
            "description_ar": "в”ҳГ в”ҳГҘв•ӘВ¬в•ӘВјв•ӘВәв•ӘВ¬ в•ӘВәв•ӘВЎв•ӘВ¬в•Әв–’в•ӘВәв”ҳГјв”ҳГЁв•ӘвҢҗ в”ҳГӨв”ҳГӨв•Әв•Јв”ҳГҘв•ӘВәв”ҳГЁв•ӘвҢҗ в•ӘВҝв•ӘВәв”ҳГӨв•ӘВҝв•Әв”Өв•Әв–’в•ӘвҢҗ в”ҳГӨв”ҳГӨв”ҳГӘв•ӘВјв”ҳГ§ в”ҳГӘв•ӘВәв”ҳГӨв•ӘВјв•Әв”Ӯв”ҳГ .",
            "is_active": true,
            "sort_order": 0,
            "created_at": "2026-04-01T08:07:20.240Z",
            "updated_at": "2026-04-01T08:07:20.240Z"
        }
    },
    {
        "model": "spacenter.productcategory",
        "pk": "f97bef9a-04e8-4d18-afb3-3ceb282e8587",
        "fields": {
            "name": "Aromatherapy",
            "name_en": "Aromatherapy",
            "name_ar": "в•ӘВәв”ҳГӨв•Әв•Јв”ҳГӨв•ӘВәв•ӘВј в•ӘВҝв•ӘВәв”ҳГӨв•Әв–’в”ҳГӘв•ӘВәв•ӘВӘв•ӘВЎ",
            "description": "Essential oils, diffusers, and aromatherapy accessories.",
            "description_en": "Essential oils, diffusers, and aromatherapy accessories.",
            "description_ar": "в•Әв–“в”ҳГЁв”ҳГӘв•ӘВ¬ в•Әв•Јв•Әв•–в•Әв–’в”ҳГЁв•ӘвҢҗ в”ҳГӘв”ҳГ в”ҳГӘв•Әв–“в•Әв•Јв•ӘВәв•ӘВ¬ в”ҳГӘв•ӘГ‘в”ҳГўв•Әв”Ӯв•Әв”Ӯв”ҳГӘв•ӘВәв•Әв–’в•ӘВәв•ӘВ¬ в•ӘВәв”ҳГӨв•Әв•Јв”ҳГӨв•ӘВәв•ӘВј в•ӘВҝв•ӘВәв”ҳГӨв•Әв–’в”ҳГӘв•ӘВәв•ӘВӘв•ӘВЎ.",
            "is_active": true,
            "sort_order": 0,
            "created_at": "2026-04-01T08:07:20.253Z",
            "updated_at": "2026-04-01T08:07:20.253Z"
        }
    },
    {
        "model": "spacenter.baseproduct",
        "pk": "52c9541b-72d4-4f54-93a4-1465384dc6ea",
        "fields": {
            "name": "Coconut Body Butter",
            "name_en": "Coconut Body Butter",
            "name_ar": "в•Әв–“в•ӘВҝв•ӘВ»в•ӘвҢҗ в•ӘВјв”ҳГӘв•Әв–“ в•ӘВәв”ҳГӨв”ҳГ§в”ҳГҘв•ӘВ» в”ҳГӨв”ҳГӨв•ӘВјв•Әв”Ӯв”ҳГ ",
            "short_description": "Rich coconut body butter for silky smooth skin.",
            "short_description_en": "Rich coconut body butter for silky smooth skin.",
            "short_description_ar": "в•Әв–“в•ӘВҝв•ӘВ»в•ӘвҢҗ в•ӘВјв”ҳГӘв•Әв–“ в”ҳГ§в”ҳГҘв•ӘВ» в•Әв•‘в”ҳГҘв”ҳГЁв•ӘвҢҗ в”ҳГӨв•ӘВҝв•Әв”Өв•Әв–’в•ӘвҢҗ в”ҳГҘв•ӘВәв•Әв•Јв”ҳГ в•ӘвҢҗ в”ҳГўв•ӘВәв”ҳГӨв•ӘВЎв•Әв–’в”ҳГЁв•Әв–’.",
            "product_type": "retail",
            "category": "Body Care",
            "brand": "NaturaSpa",
            "sku": "NS-BOD-001",
            "status": "active",
            "image": "spa_products/product_52c9541b-72d4-4f54-93a4-1465384dc6ea.jpg",
            "is_organic": true,
            "is_aromatherapy": false,
            "suitable_for_sensitive_skin": false,
            "is_featured": false,
            "is_visible": true,
            "created_at": "2026-04-01T08:07:21.547Z",
            "updated_at": "2026-04-01T08:07:22.597Z"
        }
    },
    {
        "model": "spacenter.baseproduct",
        "pk": "74c9e270-a176-4632-94f1-7df609c66fe3",
        "fields": {
            "name": "Eucalyptus Steam Inhaler",
            "name_en": "Eucalyptus Steam Inhaler",
            "name_ar": "в”ҳГ в•Әв”Ӯв•ӘВ¬в”ҳГҘв•Әв”Өв”ҳГ© в•ӘВҝв•ӘВ«в•ӘВәв•Әв–’ в•ӘВәв”ҳГӨв•ӘГәв”ҳГӘв”ҳГўв•ӘВәв”ҳГӨв•ӘВҝв•ӘВ¬в”ҳГӘв•Әв”Ӯ",
            "short_description": "Eucalyptus blend for steam rooms and saunas.",
            "short_description_en": "Eucalyptus blend for steam rooms and saunas.",
            "short_description_ar": "в”ҳГ в•Әв–“в”ҳГЁв•ӘВј в•ӘГәв”ҳГӘв”ҳГўв•ӘВәв”ҳГӨв•ӘВҝв•ӘВ¬в”ҳГӘв•Әв”Ӯ в”ҳГӨв•Әв•‘в•Әв–’в”ҳГј в•ӘВәв”ҳГӨв•ӘВҝв•ӘВ«в•ӘВәв•Әв–’ в”ҳГӘв•ӘВәв”ҳГӨв•Әв”Ӯв•ӘВәв”ҳГӘв”ҳГҘв•ӘВә.",
            "product_type": "consumable",
            "category": "Aromatherapy",
            "brand": "AromaPure",
            "sku": "AP-EUC-002",
            "status": "active",
            "image": "spa_products/product_74c9e270-a176-4632-94f1-7df609c66fe3.jpg",
            "is_organic": false,
            "is_aromatherapy": true,
            "suitable_for_sensitive_skin": false,
            "is_featured": false,
            "is_visible": true,
            "created_at": "2026-04-01T08:07:22.602Z",
            "updated_at": "2026-04-01T08:07:23.177Z"
        }
    },
    {
        "model": "spacenter.baseproduct",
        "pk": "810358fc-8eeb-44db-a660-6131c2750dc5",
        "fields": {
            "name": "Deep Hydration Face Serum",
            "name_en": "Deep Hydration Face Serum",
            "name_ar": "в•Әв”Ӯв”ҳГЁв•Әв–’в”ҳГӘв”ҳГ  в•ӘВәв”ҳГӨв•ӘВ¬в•Әв–’в•Әв•–в”ҳГЁв•ӘВҝ в•ӘВәв”ҳГӨв•Әв•Јв”ҳГ в”ҳГЁв”ҳГ©",
            "short_description": "Hyaluronic acid serum for intense hydration.",
            "short_description_en": "Hyaluronic acid serum for intense hydration.",
            "short_description_ar": "в•Әв”Ӯв”ҳГЁв•Әв–’в”ҳГӘв”ҳГ  в•ӘВЎв”ҳГ в•Әв•ў в•ӘВәв”ҳГӨв”ҳГ§в”ҳГЁв•ӘВәв”ҳГӨв”ҳГӘв•Әв–’в”ҳГӘв”ҳГҘв”ҳГЁв”ҳГў в”ҳГӨв”ҳГӨв•ӘВ¬в•Әв–’в•Әв•–в”ҳГЁв•ӘВҝ в•ӘВәв”ҳГӨв”ҳГ в”ҳГўв•ӘВҪв”ҳГј.",
            "product_type": "retail",
            "category": "Skincare",
            "brand": "GlowLab",
            "sku": "GL-SER-001",
            "status": "active",
            "image": "spa_products/product_810358fc-8eeb-44db-a660-6131c2750dc5.jpg",
            "is_organic": false,
            "is_aromatherapy": false,
            "suitable_for_sensitive_skin": true,
            "is_featured": true,
            "is_visible": true,
            "created_at": "2026-04-01T08:07:20.987Z",
            "updated_at": "2026-04-01T08:07:21.542Z"
        }
    },
    {
        "model": "spacenter.baseproduct",
        "pk": "b0fb01bf-1db9-457b-840f-b09dc2bd20e8",
        "fields": {
            "name": "Spa Scalp Treatment Oil",
            "name_en": "Spa Scalp Treatment Oil",
            "name_ar": "в•Әв–“в”ҳГЁв•ӘВ¬ в•Әв•Јв”ҳГӨв•ӘВәв•ӘВј в”ҳГјв•Әв–’в”ҳГӘв•ӘвҢҗ в•ӘВәв”ҳГӨв•Әв–’в•ӘГәв•Әв”Ӯ",
            "short_description": "Nourishing scalp oil with tea tree and peppermint.",
            "short_description_en": "Nourishing scalp oil with tea tree and peppermint.",
            "short_description_ar": "в•Әв–“в”ҳГЁв•ӘВ¬ в”ҳГ в•Әв•‘в•Әв–‘в”ҳГЁ в”ҳГӨв”ҳГјв•Әв–’в”ҳГӘв•ӘвҢҗ в•ӘВәв”ҳГӨв•Әв–’в•ӘГәв•Әв”Ӯ в•ӘВҝв•Әв”Өв•ӘВјв•Әв–’в•ӘвҢҗ в•ӘВәв”ҳГӨв•Әв”Өв•ӘВәв”ҳГЁ в”ҳГӘв•ӘВәв”ҳГӨв”ҳГҘв•Әв•Јв”ҳГҘв•ӘВәв•Әв•Ј.",
            "product_type": "retail",
            "category": "Hair Care",
            "brand": "HairZen",
            "sku": "HZ-SCA-001",
            "status": "active",
            "image": "spa_products/product_b0fb01bf-1db9-457b-840f-b09dc2bd20e8.jpg",
            "is_organic": true,
            "is_aromatherapy": false,
            "suitable_for_sensitive_skin": false,
            "is_featured": false,
            "is_visible": true,
            "created_at": "2026-04-01T08:07:23.182Z",
            "updated_at": "2026-04-01T08:07:24.148Z"
        }
    },
    {
        "model": "spacenter.baseproduct",
        "pk": "b9e896c9-c76d-4b53-9442-d59ac1c57eb0",
        "fields": {
            "name": "Lavender Dream Essential Oil",
            "name_en": "Lavender Dream Essential Oil",
            "name_ar": "в•Әв–“в”ҳГЁв•ӘВ¬ в•ӘВәв”ҳГӨв”ҳГӨв•ӘВәв”ҳГјв”ҳГҘв•ӘВ»в•Әв–’ в•ӘВәв”ҳГӨв•ӘГәв•Әв”Ӯв•ӘВәв•Әв”Ӯв”ҳГЁ",
            "short_description": "Pure lavender essential oil for relaxation.",
            "short_description_en": "Pure lavender essential oil for relaxation.",
            "short_description_ar": "в•Әв–“в”ҳГЁв•ӘВ¬ в”ҳГӨв•ӘВәв”ҳГјв”ҳГҘв•ӘВ»в•Әв–’ в”ҳГҘв”ҳГ©в”ҳГЁ в”ҳГӨв”ҳГӨв•ӘВәв•Әв”Ӯв•ӘВ¬в•Әв–’в•ӘВ«в•ӘВәв•ӘГӯ.",
            "product_type": "retail",
            "category": "Aromatherapy",
            "brand": "AromaPure",
            "sku": "AP-LAV-001",
            "status": "active",
            "image": "spa_products/product_b9e896c9-c76d-4b53-9442-d59ac1c57eb0.jpg",
            "is_organic": true,
            "is_aromatherapy": true,
            "suitable_for_sensitive_skin": false,
            "is_featured": true,
            "is_visible": true,
            "created_at": "2026-04-01T08:07:20.267Z",
            "updated_at": "2026-04-01T08:07:20.981Z"
        }
    },
    {
        "model": "spacenter.baseproduct",
        "pk": "bac9d67c-6d26-4223-9cb4-9d50bdb3184a",
        "fields": {
            "name": "Relaxation Herbal Tea Set",
            "name_en": "Relaxation Herbal Tea Set",
            "name_ar": "в”ҳГ в•ӘВјв”ҳГ в”ҳГӘв•Әв•Јв•ӘвҢҗ в•Әв”Өв•ӘВәв”ҳГЁ в•ӘВәв”ҳГӨв•ӘГәв•Әв•Јв•Әв”Өв•ӘВәв•ӘВҝ в”ҳГӨв”ҳГӨв•ӘВәв•Әв”Ӯв•ӘВ¬в•Әв–’в•ӘВ«в•ӘВәв•ӘГӯ",
            "short_description": "Curated calming herbal teas О“ГҮГҙ chamomile, lemongrass.",
            "short_description_en": "Curated calming herbal teas О“ГҮГҙ chamomile, lemongrass.",
            "short_description_ar": "в•Әв”Өв•ӘВәв”ҳГЁ в•ӘГәв•Әв•Јв•Әв”Өв•ӘВәв•ӘВҝ в”ҳГ в”ҳГ§в•ӘВ»в•ӘВӘ - в•ӘВҝв•ӘВәв•ӘВҝв”ҳГӘв”ҳГҘв•ӘВј в”ҳГӘв•Әв•Јв•Әв”Өв•ӘВҝв•ӘвҢҗ в•ӘВәв”ҳГӨв”ҳГӨв”ҳГЁв”ҳГ в”ҳГӘв”ҳГҘ.",
            "product_type": "retail",
            "category": "Wellness",
            "brand": "ZenLeaf",
            "sku": "ZL-TEA-001",
            "status": "active",
            "image": "spa_products/product_bac9d67c-6d26-4223-9cb4-9d50bdb3184a.jpg",
            "is_organic": true,
            "is_aromatherapy": false,
            "suitable_for_sensitive_skin": false,
            "is_featured": true,
            "is_visible": true,
            "created_at": "2026-04-01T08:07:24.154Z",
            "updated_at": "2026-04-01T08:07:24.996Z"
        }
    },
    {
        "model": "spacenter.servicearrangement",
        "pk": "046d23f9-cbb7-4be5-b06b-0897ecc196ac",
        "fields": {
            "spa_center": "f4b3d0ef-f1b9-4e1f-a923-bca636f6fa50",
            "service": "9ce805da-74fa-4f9e-891f-bf39b6d7254c",
            "room_count": 7,
            "arrangement_type": "single_room",
            "arrangement_label": "S001",
            "cleanup_duration": 15,
            "base_price": "25.00",
            "discount_price": null,
            "extra_minutes": "30",
            "price_for_extra_minutes": "9.00",
            "is_active": true,
            "created_at": "2026-04-02T06:13:02.328Z",
            "updated_at": "2026-04-07T08:11:49.525Z"
        }
    },
    {
        "model": "spacenter.servicearrangement",
        "pk": "0bd416e4-73cc-4f09-a531-bcd87cae9608",
        "fields": {
            "spa_center": "30efd449-5fed-4ee0-aa34-94104f56afa7",
            "service": "89253c30-68b1-4783-861b-376ced1f03c0",
            "room_count": 72,
            "arrangement_type": "vip_suite",
            "arrangement_label": "VIP Suite О“ГҮГҙ Holistic Reflexology",
            "cleanup_duration": 15,
            "base_price": "375.00",
            "discount_price": "330.00",
            "extra_minutes": "30",
            "price_for_extra_minutes": "83.00",
            "is_active": true,
            "created_at": "2026-04-01T08:07:25.513Z",
            "updated_at": "2026-04-07T08:11:49.550Z"
        }
    },
    {
        "model": "spacenter.servicearrangement",
        "pk": "0de0a8d2-994b-4ea4-bae7-b9e3a23b2fd3",
        "fields": {
            "spa_center": "50003e65-fe48-4246-80f5-3208ef10cc2c",
            "service": "d1461964-2d05-4afe-9439-d6b44bf6fc3e",
            "room_count": 2,
            "arrangement_type": "single_room",
            "arrangement_label": "S002",
            "cleanup_duration": 15,
            "base_price": "5.00",
            "discount_price": null,
            "extra_minutes": "15",
            "price_for_extra_minutes": null,
            "is_active": true,
            "created_at": "2026-04-02T07:17:58.421Z",
            "updated_at": "2026-04-07T08:11:49.531Z"
        }
    },
    {
        "model": "spacenter.servicearrangement",
        "pk": "0f275fed-77a6-45b4-a277-b08dd3f717d1",
        "fields": {
            "spa_center": "50003e65-fe48-4246-80f5-3208ef10cc2c",
            "service": "8794ba27-d27b-47aa-b27a-a09126c66ff2",
            "room_count": 2,
            "arrangement_type": "vip_suite",
            "arrangement_label": "S002",
            "cleanup_duration": 15,
            "base_price": "5.00",
            "discount_price": null,
            "extra_minutes": "15",
            "price_for_extra_minutes": null,
            "is_active": true,
            "created_at": "2026-04-02T07:20:02.460Z",
            "updated_at": "2026-04-07T08:11:49.545Z"
        }
    },
    {
        "model": "spacenter.servicearrangement",
        "pk": "114d6006-6aa7-43c8-afae-fc52b01ed927",
        "fields": {
            "spa_center": "50003e65-fe48-4246-80f5-3208ef10cc2c",
            "service": "4622ac08-60d1-4f07-b7b5-b68b33be8cbe",
            "room_count": 2,
            "arrangement_type": "vip_suite",
            "arrangement_label": "S002",
            "cleanup_duration": 15,
            "base_price": "66.00",
            "discount_price": null,
            "extra_minutes": "15",
            "price_for_extra_minutes": null,
            "is_active": true,
            "created_at": "2026-04-02T07:31:33.559Z",
            "updated_at": "2026-04-07T08:11:49.541Z"
        }
    },
    {
        "model": "spacenter.servicearrangement",
        "pk": "1b4fc249-d8c1-41fb-b15c-fc0b992f5284",
        "fields": {
            "spa_center": "f4b3d0ef-f1b9-4e1f-a923-bca636f6fa50",
            "service": "9c33caf5-d711-405f-b4d6-fd192c2c271b",
            "room_count": 7,
            "arrangement_type": "single_room",
            "arrangement_label": "S001",
            "cleanup_duration": 15,
            "base_price": "24.00",
            "discount_price": null,
            "extra_minutes": "30",
            "price_for_extra_minutes": "8.00",
            "is_active": true,
            "created_at": "2026-04-02T06:14:48.475Z",
            "updated_at": "2026-04-07T08:11:49.524Z"
        }
    },
    {
        "model": "spacenter.servicearrangement",
        "pk": "35551e1c-0a4b-416f-91d7-e83016847202",
        "fields": {
            "spa_center": "f4b3d0ef-f1b9-4e1f-a923-bca636f6fa50",
            "service": "e47e5601-347e-4b5a-af7d-89cf4a83b12e",
            "room_count": 7,
            "arrangement_type": "single_room",
            "arrangement_label": "S001",
            "cleanup_duration": 15,
            "base_price": "24.00",
            "discount_price": null,
            "extra_minutes": "30",
            "price_for_extra_minutes": "8.00",
            "is_active": true,
            "created_at": "2026-04-02T06:03:02.183Z",
            "updated_at": "2026-04-07T08:11:49.522Z"
        }
    },
    {
        "model": "spacenter.servicearrangement",
        "pk": "389da491-eefb-448e-b521-ab08d37c5ca4",
        "fields": {
            "spa_center": "50003e65-fe48-4246-80f5-3208ef10cc2c",
            "service": "8d1d474d-b920-4a02-a358-8f08d9d992c1",
            "room_count": 2,
            "arrangement_type": "vip_suite",
            "arrangement_label": "S002",
            "cleanup_duration": 15,
            "base_price": "39.00",
            "discount_price": null,
            "extra_minutes": "15",
            "price_for_extra_minutes": null,
            "is_active": true,
            "created_at": "2026-04-02T07:37:52.870Z",
            "updated_at": "2026-04-07T08:11:49.536Z"
        }
    },
    {
        "model": "spacenter.servicearrangement",
        "pk": "425b8b1a-eddd-4053-9ff4-3d7d4b3f38da",
        "fields": {
            "spa_center": "f4b3d0ef-f1b9-4e1f-a923-bca636f6fa50",
            "service": "d6e4aee4-7d05-4d70-97dc-882b0e37fe74",
            "room_count": 7,
            "arrangement_type": "single_room",
            "arrangement_label": "S001",
            "cleanup_duration": 15,
            "base_price": "25.00",
            "discount_price": null,
            "extra_minutes": "15",
            "price_for_extra_minutes": "9.00",
            "is_active": true,
            "created_at": "2026-04-02T06:19:46.132Z",
            "updated_at": "2026-04-07T08:11:49.527Z"
        }
    },
    {
        "model": "spacenter.servicearrangement",
        "pk": "42a37181-5311-4207-bed8-417f23eed346",
        "fields": {
            "spa_center": "50003e65-fe48-4246-80f5-3208ef10cc2c",
            "service": "d31dc791-3774-4a92-816b-9888f4995daf",
            "room_count": 2,
            "arrangement_type": "single_room",
            "arrangement_label": "S002",
            "cleanup_duration": 15,
            "base_price": "8.00",
            "discount_price": null,
            "extra_minutes": "15",
            "price_for_extra_minutes": null,
            "is_active": true,
            "created_at": "2026-04-02T07:15:53.644Z",
            "updated_at": "2026-04-07T08:11:49.535Z"
        }
    },
    {
        "model": "spacenter.servicearrangement",
        "pk": "4bf892cd-d88e-41a9-ad4d-6ee557929e68",
        "fields": {
            "spa_center": "f4b3d0ef-f1b9-4e1f-a923-bca636f6fa50",
            "service": "be1e6033-389f-4116-bdf1-f560360fa12d",
            "room_count": 7,
            "arrangement_type": "single_room",
            "arrangement_label": "S001",
            "cleanup_duration": 15,
            "base_price": "25.00",
            "discount_price": null,
            "extra_minutes": "15",
            "price_for_extra_minutes": null,
            "is_active": true,
            "created_at": "2026-04-02T05:34:46.635Z",
            "updated_at": "2026-04-07T08:11:49.520Z"
        }
    },
    {
        "model": "spacenter.servicearrangement",
        "pk": "50381e7f-5e98-4387-a7e0-52a62992b7cc",
        "fields": {
            "spa_center": "f4b3d0ef-f1b9-4e1f-a923-bca636f6fa50",
            "service": "66701866-4f73-4a3f-8c6d-e0bed1b15d9f",
            "room_count": 7,
            "arrangement_type": "single_room",
            "arrangement_label": "S001",
            "cleanup_duration": 15,
            "base_price": "8.00",
            "discount_price": null,
            "extra_minutes": "15",
            "price_for_extra_minutes": null,
            "is_active": true,
            "created_at": "2026-04-02T06:35:06.433Z",
            "updated_at": "2026-04-07T08:11:49.528Z"
        }
    },
    {
        "model": "spacenter.servicearrangement",
        "pk": "5c7ada2f-b68a-407d-9572-c5e93c28fe96",
        "fields": {
            "spa_center": "30efd449-5fed-4ee0-aa34-94104f56afa7",
            "service": "89253c30-68b1-4783-861b-376ced1f03c0",
            "room_count": 70,
            "arrangement_type": "single_room",
            "arrangement_label": "Single Room О“ГҮГҙ Holistic Reflexology",
            "cleanup_duration": 15,
            "base_price": "250.00",
            "discount_price": "220.00",
            "extra_minutes": "15",
            "price_for_extra_minutes": "84.00",
            "is_active": true,
            "created_at": "2026-04-01T08:07:25.502Z",
            "updated_at": "2026-04-07T08:11:49.548Z"
        }
    },
    {
        "model": "spacenter.servicearrangement",
        "pk": "5d741b86-c30c-4b33-8799-8203659cd9f2",
        "fields": {
            "spa_center": "50003e65-fe48-4246-80f5-3208ef10cc2c",
            "service": "a85872b7-5503-47e5-b152-b04def5a9329",
            "room_count": 2,
            "arrangement_type": "single_room",
            "arrangement_label": "S002",
            "cleanup_duration": 15,
            "base_price": "24.00",
            "discount_price": null,
            "extra_minutes": "30",
            "price_for_extra_minutes": "8.00",
            "is_active": true,
            "created_at": "2026-04-02T06:55:43.598Z",
            "updated_at": "2026-04-07T08:11:49.545Z"
        }
    },
    {
        "model": "spacenter.servicearrangement",
        "pk": "66062fed-27ad-4d20-8f1f-c932b5a336f0",
        "fields": {
            "spa_center": "f4b3d0ef-f1b9-4e1f-a923-bca636f6fa50",
            "service": "8034529f-9b4a-46e6-b1b9-12f7f120d4ef",
            "room_count": 7,
            "arrangement_type": "single_room",
            "arrangement_label": "S001",
            "cleanup_duration": 15,
            "base_price": "15.00",
            "discount_price": null,
            "extra_minutes": "15",
            "price_for_extra_minutes": null,
            "is_active": true,
            "created_at": "2026-04-02T05:34:03.635Z",
            "updated_at": "2026-04-07T08:11:49.514Z"
        }
    },
    {
        "model": "spacenter.servicearrangement",
        "pk": "68c6d887-fa56-4b17-b11f-667d7cef189d",
        "fields": {
            "spa_center": "50003e65-fe48-4246-80f5-3208ef10cc2c",
            "service": "88e68919-74ee-45eb-a07b-a3a483fa83b0",
            "room_count": 2,
            "arrangement_type": "single_room",
            "arrangement_label": "S002",
            "cleanup_duration": 15,
            "base_price": "24.00",
            "discount_price": null,
            "extra_minutes": "30",
            "price_for_extra_minutes": "8.00",
            "is_active": true,
            "created_at": "2026-04-02T07:02:38.238Z",
            "updated_at": "2026-04-07T08:11:49.543Z"
        }
    },
    {
        "model": "spacenter.servicearrangement",
        "pk": "6971439c-0991-4d76-83e9-d78f2065c7b4",
        "fields": {
            "spa_center": "50003e65-fe48-4246-80f5-3208ef10cc2c",
            "service": "b7df4917-772f-42b4-895a-55e5bf596ce2",
            "room_count": 2,
            "arrangement_type": "single_room",
            "arrangement_label": "S002",
            "cleanup_duration": 15,
            "base_price": "24.00",
            "discount_price": null,
            "extra_minutes": "30",
            "price_for_extra_minutes": "8.00",
            "is_active": true,
            "created_at": "2026-04-02T06:59:09.034Z",
            "updated_at": "2026-04-07T08:11:49.542Z"
        }
    },
    {
        "model": "spacenter.servicearrangement",
        "pk": "6ae26a4e-a407-4a43-85ed-040e2ab66d8f",
        "fields": {
            "spa_center": "50003e65-fe48-4246-80f5-3208ef10cc2c",
            "service": "9d00135f-a512-4381-aa65-6541c0480839",
            "room_count": 2,
            "arrangement_type": "single_room",
            "arrangement_label": "S002",
            "cleanup_duration": 15,
            "base_price": "24.00",
            "discount_price": null,
            "extra_minutes": "30",
            "price_for_extra_minutes": "8.00",
            "is_active": true,
            "created_at": "2026-04-02T07:06:21.464Z",
            "updated_at": "2026-04-07T08:11:49.544Z"
        }
    },
    {
        "model": "spacenter.servicearrangement",
        "pk": "724b8a3d-d371-470b-8edf-be558e514453",
        "fields": {
            "spa_center": "50003e65-fe48-4246-80f5-3208ef10cc2c",
            "service": "f8b6a783-4ced-4071-9755-bab6f320a727",
            "room_count": 2,
            "arrangement_type": "single_room",
            "arrangement_label": "S002",
            "cleanup_duration": 15,
            "base_price": "25.00",
            "discount_price": null,
            "extra_minutes": "30",
            "price_for_extra_minutes": "9.00",
            "is_active": true,
            "created_at": "2026-04-02T07:11:33.727Z",
            "updated_at": "2026-04-07T08:11:49.534Z"
        }
    },
    {
        "model": "spacenter.servicearrangement",
        "pk": "7349c665-49d4-466b-a0ed-3132606b9e15",
        "fields": {
            "spa_center": "50003e65-fe48-4246-80f5-3208ef10cc2c",
            "service": "027729f9-fd7a-41f5-af1f-7fe38d2209ec",
            "room_count": 2,
            "arrangement_type": "single_room",
            "arrangement_label": "S002",
            "cleanup_duration": 15,
            "base_price": "24.00",
            "discount_price": null,
            "extra_minutes": "30",
            "price_for_extra_minutes": "8.00",
            "is_active": true,
            "created_at": "2026-04-02T07:00:53.591Z",
            "updated_at": "2026-04-07T08:11:49.540Z"
        }
    },
    {
        "model": "spacenter.servicearrangement",
        "pk": "7619d443-9f37-421e-9afb-85c1b0880009",
        "fields": {
            "spa_center": "50003e65-fe48-4246-80f5-3208ef10cc2c",
            "service": "30145ca8-e645-4a51-9fc3-b1f98691a5c9",
            "room_count": 2,
            "arrangement_type": "vip_suite",
            "arrangement_label": "S002",
            "cleanup_duration": 15,
            "base_price": "44.00",
            "discount_price": null,
            "extra_minutes": "15",
            "price_for_extra_minutes": null,
            "is_active": true,
            "created_at": "2026-04-02T07:35:38.459Z",
            "updated_at": "2026-04-07T08:11:49.539Z"
        }
    },
    {
        "model": "spacenter.servicearrangement",
        "pk": "7851406e-13ec-40ab-aead-fa90b16b41a1",
        "fields": {
            "spa_center": "f4b3d0ef-f1b9-4e1f-a923-bca636f6fa50",
            "service": "2f6133f6-a92d-44c6-bd8d-096eb7a8b008",
            "room_count": 7,
            "arrangement_type": "single_room",
            "arrangement_label": "S001",
            "cleanup_duration": 15,
            "base_price": "24.00",
            "discount_price": null,
            "extra_minutes": "30",
            "price_for_extra_minutes": "8.00",
            "is_active": true,
            "created_at": "2026-04-02T05:38:51.625Z",
            "updated_at": "2026-04-07T08:11:49.521Z"
        }
    },
    {
        "model": "spacenter.servicearrangement",
        "pk": "82ff82c1-e33f-4d53-8d6a-5115e9712132",
        "fields": {
            "spa_center": "f4b3d0ef-f1b9-4e1f-a923-bca636f6fa50",
            "service": "e370689d-0a3f-4650-997b-24d40e73c005",
            "room_count": 7,
            "arrangement_type": "single_room",
            "arrangement_label": "S001",
            "cleanup_duration": 15,
            "base_price": "24.00",
            "discount_price": null,
            "extra_minutes": "30",
            "price_for_extra_minutes": "8.00",
            "is_active": true,
            "created_at": "2026-04-02T06:07:50.395Z",
            "updated_at": "2026-04-07T08:11:49.523Z"
        }
    },
    {
        "model": "spacenter.servicearrangement",
        "pk": "8f9afb4d-64c0-4df8-ad35-07375e535f10",
        "fields": {
            "spa_center": "f4b3d0ef-f1b9-4e1f-a923-bca636f6fa50",
            "service": "a66994f4-8ab4-41ae-81f7-fc41529741bb",
            "room_count": 7,
            "arrangement_type": "single_room",
            "arrangement_label": "S001",
            "cleanup_duration": 15,
            "base_price": "25.00",
            "discount_price": null,
            "extra_minutes": "30",
            "price_for_extra_minutes": "9.00",
            "is_active": true,
            "created_at": "2026-04-02T06:17:40.889Z",
            "updated_at": "2026-04-07T08:11:49.526Z"
        }
    },
    {
        "model": "spacenter.servicearrangement",
        "pk": "95f776ce-b637-4ebf-adfc-157edd3f2db7",
        "fields": {
            "spa_center": "f4b3d0ef-f1b9-4e1f-a923-bca636f6fa50",
            "service": "96967532-9af9-4821-82b6-fadb2bb61420",
            "room_count": 7,
            "arrangement_type": "single_room",
            "arrangement_label": "S001",
            "cleanup_duration": 15,
            "base_price": "5.00",
            "discount_price": null,
            "extra_minutes": "15",
            "price_for_extra_minutes": null,
            "is_active": true,
            "created_at": "2026-04-02T06:35:40.652Z",
            "updated_at": "2026-04-07T08:11:49.529Z"
        }
    },
    {
        "model": "spacenter.servicearrangement",
        "pk": "9a2c3a02-1f5b-468f-886d-620da6a2fdd8",
        "fields": {
            "spa_center": "f4b3d0ef-f1b9-4e1f-a923-bca636f6fa50",
            "service": "2adcd096-b9ee-4738-8122-b68df6f4084b",
            "room_count": 4,
            "arrangement_type": "single_room",
            "arrangement_label": "S001",
            "cleanup_duration": 15,
            "base_price": "5.00",
            "discount_price": null,
            "extra_minutes": "15",
            "price_for_extra_minutes": null,
            "is_active": true,
            "created_at": "2026-04-02T06:38:37.946Z",
            "updated_at": "2026-04-07T08:11:49.529Z"
        }
    },
    {
        "model": "spacenter.servicearrangement",
        "pk": "a90419d5-49db-4d95-89e0-e0e9141d05df",
        "fields": {
            "spa_center": "50003e65-fe48-4246-80f5-3208ef10cc2c",
            "service": "417d6d2b-86ac-4e36-87a0-74085554a5ec",
            "room_count": 2,
            "arrangement_type": "vip_suite",
            "arrangement_label": "S002",
            "cleanup_duration": 15,
            "base_price": "5.00",
            "discount_price": null,
            "extra_minutes": "15",
            "price_for_extra_minutes": null,
            "is_active": true,
            "created_at": "2026-04-02T07:21:51.412Z",
            "updated_at": "2026-04-07T08:11:49.546Z"
        }
    },
    {
        "model": "spacenter.servicearrangement",
        "pk": "b187ab3a-b28f-44e5-87cb-0a87aff99c27",
        "fields": {
            "spa_center": "f4b3d0ef-f1b9-4e1f-a923-bca636f6fa50",
            "service": "6e1a42e8-e81d-4689-82dc-f84caa9c3f2f",
            "room_count": 3,
            "arrangement_type": "single_room",
            "arrangement_label": "S001",
            "cleanup_duration": 15,
            "base_price": "20.00",
            "discount_price": null,
            "extra_minutes": "15",
            "price_for_extra_minutes": null,
            "is_active": true,
            "created_at": "2026-04-01T11:47:46.519Z",
            "updated_at": "2026-04-07T08:11:49.519Z"
        }
    },
    {
        "model": "spacenter.servicearrangement",
        "pk": "b3723b63-81a2-4b22-8a36-2ea921200502",
        "fields": {
            "spa_center": "50003e65-fe48-4246-80f5-3208ef10cc2c",
            "service": "23c1d373-142e-4c64-b05f-1ed5105bac39",
            "room_count": 2,
            "arrangement_type": "vip_suite",
            "arrangement_label": "S002",
            "cleanup_duration": 15,
            "base_price": "61.00",
            "discount_price": null,
            "extra_minutes": "15",
            "price_for_extra_minutes": null,
            "is_active": true,
            "created_at": "2026-04-02T07:33:57.546Z",
            "updated_at": "2026-04-07T08:11:49.533Z"
        }
    },
    {
        "model": "spacenter.servicearrangement",
        "pk": "b5271397-d8e3-4287-8f35-0e4b00d8b33f",
        "fields": {
            "spa_center": "f4b3d0ef-f1b9-4e1f-a923-bca636f6fa50",
            "service": "0fb870dc-dc9e-43ac-be11-1ec2c2813d91",
            "room_count": 2,
            "arrangement_type": "single_room",
            "arrangement_label": "S001",
            "cleanup_duration": 15,
            "base_price": "5.00",
            "discount_price": null,
            "extra_minutes": "15",
            "price_for_extra_minutes": null,
            "is_active": true,
            "created_at": "2026-04-02T06:40:33.166Z",
            "updated_at": "2026-04-07T08:11:49.517Z"
        }
    },
    {
        "model": "spacenter.servicearrangement",
        "pk": "b8849ad3-9ab3-45e0-82fc-ab40909673c3",
        "fields": {
            "spa_center": "50003e65-fe48-4246-80f5-3208ef10cc2c",
            "service": "35f49daf-5b5c-49f8-99b8-096f0584d34e",
            "room_count": 3,
            "arrangement_type": "single_room",
            "arrangement_label": "S002",
            "cleanup_duration": 15,
            "base_price": "22.00",
            "discount_price": null,
            "extra_minutes": "15",
            "price_for_extra_minutes": null,
            "is_active": true,
            "created_at": "2026-04-02T07:27:44.553Z",
            "updated_at": "2026-04-07T08:11:49.538Z"
        }
    },
    {
        "model": "spacenter.servicearrangement",
        "pk": "bd41afba-9ee3-4763-9101-f67664fd2f48",
        "fields": {
            "spa_center": "50003e65-fe48-4246-80f5-3208ef10cc2c",
            "service": "02f857bb-0536-4958-9c68-3d134be875cd",
            "room_count": 2,
            "arrangement_type": "single_room",
            "arrangement_label": "S002",
            "cleanup_duration": 15,
            "base_price": "25.00",
            "discount_price": null,
            "extra_minutes": "30",
            "price_for_extra_minutes": "9.00",
            "is_active": true,
            "created_at": "2026-04-02T07:08:30.291Z",
            "updated_at": "2026-04-07T08:11:49.533Z"
        }
    },
    {
        "model": "spacenter.servicearrangement",
        "pk": "d37948fc-86a9-45af-9e85-6d3f4cabc8e6",
        "fields": {
            "spa_center": "50003e65-fe48-4246-80f5-3208ef10cc2c",
            "service": "d8055f90-ce9b-4fda-b3a1-64c74485cb83",
            "room_count": 2,
            "arrangement_type": "single_room",
            "arrangement_label": "S002",
            "cleanup_duration": 15,
            "base_price": "24.00",
            "discount_price": null,
            "extra_minutes": "30",
            "price_for_extra_minutes": "8.00",
            "is_active": true,
            "created_at": "2026-04-02T07:04:36.676Z",
            "updated_at": "2026-04-07T08:11:49.530Z"
        }
    },
    {
        "model": "spacenter.servicearrangement",
        "pk": "d3ab8da8-c1ea-442a-b565-a542c65d38a1",
        "fields": {
            "spa_center": "50003e65-fe48-4246-80f5-3208ef10cc2c",
            "service": "8a315805-ec7d-44b4-adba-b9eb0d569a87",
            "room_count": 2,
            "arrangement_type": "single_room",
            "arrangement_label": "S002",
            "cleanup_duration": 15,
            "base_price": "15.00",
            "discount_price": null,
            "extra_minutes": "15",
            "price_for_extra_minutes": null,
            "is_active": true,
            "created_at": "2026-04-02T06:51:02.540Z",
            "updated_at": "2026-04-07T08:11:49.532Z"
        }
    },
    {
        "model": "spacenter.servicearrangement",
        "pk": "d6f486ef-9447-4454-8116-46cbf86c61dd",
        "fields": {
            "spa_center": "50003e65-fe48-4246-80f5-3208ef10cc2c",
            "service": "6f5d3a2b-b05c-453d-afb3-49cfa9123aab",
            "room_count": 2,
            "arrangement_type": "single_room",
            "arrangement_label": "S002",
            "cleanup_duration": 15,
            "base_price": "34.00",
            "discount_price": null,
            "extra_minutes": "30",
            "price_for_extra_minutes": "12.00",
            "is_active": true,
            "created_at": "2026-04-02T07:41:01.279Z",
            "updated_at": "2026-04-07T08:11:49.541Z"
        }
    },
    {
        "model": "spacenter.servicearrangement",
        "pk": "d708c1e3-9076-454e-8f2b-2bc682f485c4",
        "fields": {
            "spa_center": "50003e65-fe48-4246-80f5-3208ef10cc2c",
            "service": "f4297dbf-c297-4eb0-98a7-b52524859067",
            "room_count": 2,
            "arrangement_type": "single_room",
            "arrangement_label": "S002",
            "cleanup_duration": 15,
            "base_price": "25.00",
            "discount_price": null,
            "extra_minutes": "15",
            "price_for_extra_minutes": null,
            "is_active": true,
            "created_at": "2026-04-02T06:53:16.421Z",
            "updated_at": "2026-04-07T08:11:49.547Z"
        }
    },
    {
        "model": "spacenter.servicearrangement",
        "pk": "e45aaef7-6947-47f6-afe0-8dcb9be94dba",
        "fields": {
            "spa_center": "50003e65-fe48-4246-80f5-3208ef10cc2c",
            "service": "35f49daf-5b5c-49f8-99b8-096f0584d34e",
            "room_count": 2,
            "arrangement_type": "vip_suite",
            "arrangement_label": "S002",
            "cleanup_duration": 15,
            "base_price": "27.00",
            "discount_price": null,
            "extra_minutes": "15",
            "price_for_extra_minutes": null,
            "is_active": true,
            "created_at": "2026-04-02T07:24:24.500Z",
            "updated_at": "2026-04-07T08:11:49.537Z"
        }
    },
    {
        "model": "spacenter.servicearrangement",
        "pk": "e8caf27f-87a4-4bc8-af57-1c3782e18125",
        "fields": {
            "spa_center": "f4b3d0ef-f1b9-4e1f-a923-bca636f6fa50",
            "service": "723f9de5-5526-40dd-a0b2-00c326c649e8",
            "room_count": 7,
            "arrangement_type": "single_room",
            "arrangement_label": "S001",
            "cleanup_duration": 15,
            "base_price": "24.00",
            "discount_price": null,
            "extra_minutes": "30",
            "price_for_extra_minutes": "8.00",
            "is_active": true,
            "created_at": "2026-04-02T06:09:47.263Z",
            "updated_at": "2026-04-07T08:11:49.525Z"
        }
    },
    {
        "model": "spacenter.servicearrangement",
        "pk": "f6de93c1-61e3-4746-a82f-c70300cd7532",
        "fields": {
            "spa_center": "30efd449-5fed-4ee0-aa34-94104f56afa7",
            "service": "89253c30-68b1-4783-861b-376ced1f03c0",
            "room_count": 71,
            "arrangement_type": "couple_room",
            "arrangement_label": "Couple Room О“ГҮГҙ Holistic Reflexology",
            "cleanup_duration": 15,
            "base_price": "450.00",
            "discount_price": "396.00",
            "extra_minutes": "60",
            "price_for_extra_minutes": "85.00",
            "is_active": true,
            "created_at": "2026-04-01T08:07:25.508Z",
            "updated_at": "2026-04-07T08:11:49.549Z"
        }
    }
]