[
    {
        "model": "spacenter.country",
        "pk": "49feecf3-d3a1-4128-a2b7-cec4b979d473",
        "fields": {
            "name": "Kuwait",
            "name_en": "Kuwait",
            "name_ar": "الكويت",
            "code": "KWT",
            "phone_code": "+965",
            "flag": "",
            "is_active": true,
            "sort_order": 2,
            "created_at": "2026-04-01T08:06:56.554Z",
            "updated_at": "2026-04-01T08:06:56.554Z"
        }
    },
    {
        "model": "spacenter.city",
        "pk": "ef783d8b-6e9b-4eee-90aa-db94e9ccbf56",
        "fields": {
            "country": "49feecf3-d3a1-4128-a2b7-cec4b979d473",
            "name": "Al-Ahmady",
            "name_en": "Al-Ahmady",
            "name_ar": "الأحمدي",
            "state": "",
            "state_en": null,
            "state_ar": null,
            "is_active": true,
            "sort_order": 0,
            "created_at": "2026-04-01T11:21:57.966Z",
            "updated_at": "2026-04-01T11:21:57.966Z"
        }
    },
    {
        "model": "spacenter.city",
        "pk": "fb3cb9f4-5a85-46f2-8edf-2ff5dac19fee",
        "fields": {
            "country": "49feecf3-d3a1-4128-a2b7-cec4b979d473",
            "name": "Kuwait City",
            "name_en": "Kuwait City",
            "name_ar": "مدينة الكويت",
            "state": "Al Asimah",
            "state_en": "Al Asimah",
            "state_ar": "العاصمة",
            "is_active": true,
            "sort_order": 1,
            "created_at": "2026-04-01T08:06:56.604Z",
            "updated_at": "2026-04-01T08:06:56.604Z"
        }
    },
    {
        "model": "spacenter.spacenter",
        "pk": "50003e65-fe48-4246-80f5-3208ef10cc2c",
        "fields": {
            "name": "Sharq Branch",
            "name_en": "Sharq Branch",
            "name_ar": "فرع شرق",
            "slug": "sharq-branch",
            "description": "Sharq Branch",
            "description_en": "Sharq Branch",
            "description_ar": "فرع شرق",
            "image": "spacenters/SHARQ-BRANCH-2.jpeg",
            "country": "49feecf3-d3a1-4128-a2b7-cec4b979d473",
            "city": "fb3cb9f4-5a85-46f2-8edf-2ff5dac19fee",
            "address": "Sharq- Block 4 - Martyrs Street - Plot 32 opposite Al Hamra Tower - 1st Floor",
            "address_en": "Sharq- Block 4 - Martyrs Street - Plot 32 opposite Al Hamra Tower - 1st Floor",
            "address_ar": "شرق - قطعة 4 - شارع الشهداء - قسيمة 32 مقابل برج الحمرا- الدور 1",
            "postal_code": "",
            "latitude": null,
            "longitude": null,
            "phone": "90010335",
            "email": "",
            "website": "",
            "default_opening_time": "10:00:00",
            "default_closing_time": "23:00:00",
            "is_active": true,
            "on_service": true,
            "sort_order": 1,
            "created_at": "2026-04-01T11:24:54.427Z",
            "updated_at": "2026-04-02T10:41:56.153Z"
        }
    },
    {
        "model": "spacenter.spacenter",
        "pk": "f4b3d0ef-f1b9-4e1f-a923-bca636f6fa50",
        "fields": {
            "name": "Mangaf Branch",
            "name_en": "Mangaf Branch",
            "name_ar": "فرع المنقف",
            "slug": "mangaf-branch",
            "description": "Mangaf Branch",
            "description_en": "Mangaf Branch",
            "description_ar": "فرع المنقف",
            "image": "spacenters/MANGAF-BRANCH-2.jpeg",
            "country": "49feecf3-d3a1-4128-a2b7-cec4b979d473",
            "city": "ef783d8b-6e9b-4eee-90aa-db94e9ccbf56",
            "address": "Al-Manqaf - Block 4 - Naif Hamad Al-Dabbous Street - Building 1604 - 1st Floor",
            "address_en": "Al-Manqaf - Block 4 - Naif Hamad Al-Dabbous Street - Building 1604 - 1st Floor",
            "address_ar": "المنقف - قطعة 4 - شارع نايف  حمد الدبوس - بناية 1604 - الدور 1",
            "postal_code": "",
            "latitude": null,
            "longitude": null,
            "phone": "90010335",
            "email": "",
            "website": "",
            "default_opening_time": "10:00:00",
            "default_closing_time": "23:00:00",
            "is_active": true,
            "on_service": true,
            "sort_order": 0,
            "created_at": "2026-04-01T11:23:19.101Z",
            "updated_at": "2026-04-02T10:40:48.017Z"
        }
    },
    {
        "model": "spacenter.specialty",
        "pk": "152039aa-e651-4956-bc1c-794e6424fd69",
        "fields": {
            "name": "ROYAL SUITE",
            "name_en": "ROYAL SUITE",
            "name_ar": "الجناح الملكي",
            "description": "ROYAL SUITE",
            "description_en": "ROYAL SUITE",
            "description_ar": "الجناح الملكي",
            "icon": "",
            "is_active": true,
            "sort_order": 0,
            "created_at": "2026-04-02T07:30:15.948Z",
            "updated_at": "2026-04-02T07:30:15.948Z"
        }
    },
    {
        "model": "spacenter.specialty",
        "pk": "1e606e3b-45a3-4438-b9ca-cf75f0bfd00c",
        "fields": {
            "name": "MOROCCAN",
            "name_en": "MOROCCAN",
            "name_ar": "مغربي",
            "description": "MOROCCAN",
            "description_en": "MOROCCAN",
            "description_ar": "مغربي",
            "icon": "",
            "is_active": true,
            "sort_order": 0,
            "created_at": "2026-04-02T07:22:58.703Z",
            "updated_at": "2026-04-02T07:22:58.703Z"
        }
    },
    {
        "model": "spacenter.specialty",
        "pk": "31a8acff-efc6-4490-b9c0-9e544bd1a0a1",
        "fields": {
            "name": "EAR CLEANING",
            "name_en": "EAR CLEANING",
            "name_ar": "تنظيف الاذن",
            "description": "EAR CLEANING",
            "description_en": "EAR CLEANING",
            "description_ar": "تنظيف الاذن",
            "icon": "",
            "is_active": true,
            "sort_order": 0,
            "created_at": "2026-04-02T06:32:50.628Z",
            "updated_at": "2026-04-06T12:28:27.015Z"
        }
    },
    {
        "model": "spacenter.specialty",
        "pk": "3ab7e059-ab34-473d-b6e2-bbebf8f9c107",
        "fields": {
            "name": "JACUZZI",
            "name_en": "JACUZZI",
            "name_ar": "جاكوزي",
            "description": "JACUZZI",
            "description_en": "JACUZZI",
            "description_ar": "جاكوزي",
            "icon": "",
            "is_active": true,
            "sort_order": 11,
            "created_at": "2026-04-02T06:36:59.599Z",
            "updated_at": "2026-04-02T06:46:37.045Z"
        }
    },
    {
        "model": "spacenter.specialty",
        "pk": "434e9efc-38e7-4ad4-9b9b-84991645a8b8",
        "fields": {
            "name": "MASSAGE",
            "name_en": "MASSAGE",
            "name_ar": "تدليك",
            "description": "MASSAGE",
            "description_en": "MASSAGE",
            "description_ar": "تدليك",
            "icon": "",
            "is_active": true,
            "sort_order": 1,
            "created_at": "2026-04-02T05:27:14.189Z",
            "updated_at": "2026-04-02T05:27:41.413Z"
        }
    },
    {
        "model": "spacenter.specialty",
        "pk": "4df7e42f-c08f-4d75-9a33-bbcc00279f08",
        "fields": {
            "name": "THERAPEUTIC",
            "name_en": "THERAPEUTIC",
            "name_ar": "علاجي",
            "description": "THERAPEUTIC",
            "description_en": "THERAPEUTIC",
            "description_ar": "علاجي",
            "icon": "",
            "is_active": true,
            "sort_order": 13,
            "created_at": "2026-04-02T06:29:01.016Z",
            "updated_at": "2026-04-02T06:46:37.052Z"
        }
    },
    {
        "model": "spacenter.specialty",
        "pk": "6d1b5add-e75c-4e64-a24e-d2ef1979e393",
        "fields": {
            "name": "SAUNA",
            "name_en": "SAUNA",
            "name_ar": "ساونا",
            "description": "SAUNA",
            "description_en": "SAUNA",
            "description_ar": "ساونا",
            "icon": "",
            "is_active": true,
            "sort_order": 12,
            "created_at": "2026-04-02T06:39:36.904Z",
            "updated_at": "2026-04-02T06:46:51.630Z"
        }
    },
    {
        "model": "spacenter.specialty",
        "pk": "77dff1fe-0ad7-4e87-99c6-7813652e45a7",
        "fields": {
            "name": "Reflexology",
            "name_en": "Reflexology",
            "name_ar": "الريفلكسولوجي",
            "description": "Pressure applied to feet and hands corresponding to body organs for holistic healing.",
            "description_en": "Pressure applied to feet and hands corresponding to body organs for holistic healing.",
            "description_ar": "ضغط على القدمين واليدين يتوافق مع أعضاء الجسم للعلاج الشامل.",
            "icon": "",
            "is_active": true,
            "sort_order": 9,
            "created_at": "2026-04-01T08:06:56.701Z",
            "updated_at": "2026-04-02T05:27:41.449Z"
        }
    },
    {
        "model": "spacenter.specialty",
        "pk": "7ec2b863-64ee-43cb-996a-b9f0d112d3e4",
        "fields": {
            "name": "CLEAN HAIR",
            "name_en": "CLEAN HAIR",
            "name_ar": "شعر نظيف",
            "description": "CLEAN HAIR",
            "description_en": "CLEAN HAIR",
            "description_ar": "شعر نظيف",
            "icon": "",
            "is_active": true,
            "sort_order": 10,
            "created_at": "2026-04-01T11:43:52.349Z",
            "updated_at": "2026-04-02T06:46:37.040Z"
        }
    },
    {
        "model": "spacenter.addonservice",
        "pk": "af54390b-ccd0-40c1-972e-32a58d67c030",
        "fields": {
            "name": "Extended Session (+15 min)",
            "name_en": "Extended Session (+15 min)",
            "name_ar": "جلسة ممتدة (+15 دقيقة)",
            "description": "Add 15 extra minutes for deeper relaxation.",
            "description_en": "Add 15 extra minutes for deeper relaxation.",
            "description_ar": "أضف 15 دقيقة إضافية لاسترخاء أعمق.",
            "duration_minutes": 15,
            "price": "50.00",
            "currency": "QAR",
            "image": "",
            "is_active": true,
            "sort_order": 5,
            "created_at": "2026-04-01T08:06:56.730Z",
            "updated_at": "2026-04-01T08:06:56.730Z"
        }
    },
    {
        "model": "spacenter.addonservice",
        "pk": "bad30e3d-3082-49d6-b74f-7f57dcb59902",
        "fields": {
            "name": "Hot Towel Treatment",
            "name_en": "Hot Towel Treatment",
            "name_ar": "علاج المنشفة الساخنة",
            "description": "Warm towel application to enhance relaxation.",
            "description_en": "Warm towel application to enhance relaxation.",
            "description_ar": "تطبيق منشفة دافئة لتعزيز الاسترخاء.",
            "duration_minutes": 10,
            "price": "25.00",
            "currency": "QAR",
            "image": "",
            "is_active": true,
            "sort_order": 1,
            "created_at": "2026-04-01T08:06:56.709Z",
            "updated_at": "2026-04-01T08:06:56.709Z"
        }
    },
    {
        "model": "spacenter.addonservice",
        "pk": "ed2d0cec-953c-4063-95fd-279312265972",
        "fields": {
            "name": "Aromatherapy Oil Upgrade",
            "name_en": "Aromatherapy Oil Upgrade",
            "name_ar": "ترقية زيت العلاج العطري",
            "description": "Upgrade to premium essential oils.",
            "description_en": "Upgrade to premium essential oils.",
            "description_ar": "ترقية إلى الزيوت العطرية الفاخرة.",
            "duration_minutes": 0,
            "price": "40.00",
            "currency": "QAR",
            "image": "",
            "is_active": true,
            "sort_order": 3,
            "created_at": "2026-04-01T08:06:56.721Z",
            "updated_at": "2026-04-01T08:06:56.721Z"
        }
    },
    {
        "model": "spacenter.addonservice",
        "pk": "f602228a-dfa2-4ee7-ae03-ff6954e5244f",
        "fields": {
            "name": "Foot Soak",
            "name_en": "Foot Soak",
            "name_ar": "نقع القدمين",
            "description": "Relaxing warm foot soak with essential salts.",
            "description_en": "Relaxing warm foot soak with essential salts.",
            "description_ar": "نقع دافئ ومريح للقدمين بأملاح عطرية.",
            "duration_minutes": 10,
            "price": "20.00",
            "currency": "QAR",
            "image": "",
            "is_active": true,
            "sort_order": 4,
            "created_at": "2026-04-01T08:06:56.725Z",
            "updated_at": "2026-04-01T08:06:56.725Z"
        }
    },
    {
        "model": "spacenter.addonservice",
        "pk": "f7ccff92-8594-44ad-b18c-8b46851bbce1",
        "fields": {
            "name": "Scalp Massage",
            "name_en": "Scalp Massage",
            "name_ar": "مساج فروة الرأس",
            "description": "Invigorating head massage to relieve tension.",
            "description_en": "Invigorating head massage to relieve tension.",
            "description_ar": "مساج منعش للرأس لتخفيف التوتر.",
            "duration_minutes": 15,
            "price": "35.00",
            "currency": "QAR",
            "image": "",
            "is_active": true,
            "sort_order": 2,
            "created_at": "2026-04-01T08:06:56.715Z",
            "updated_at": "2026-04-01T08:06:56.715Z"
        }
    },
    {
        "model": "spacenter.service",
        "pk": "027729f9-fd7a-41f5-af1f-7fe38d2209ec",
        "fields": {
            "name": "PREGNANT MASSAGE",
            "name_en": "PREGNANT MASSAGE",
            "name_ar": "مساج الحامل",
            "description": "This massage caters to the needs of women during pregnancy, providing comfort\r\nand relaxation, relieving pain, improving blood circulation, and reducing swelling\r\nand foot edema",
            "description_en": "This massage caters to the needs of women during pregnancy, providing comfort\r\nand relaxation, relieving pain, improving blood circulation, and reducing swelling\r\nand foot edema",
            "description_ar": "المساج الذي يلبي احتياجات المرأة أثناء فترة الحمل يعمل على توفير الراحة والاسترخاء وتخفيف\r\nالام وتحسين الدورة الدموية وتخفيف انتفاخات وتورم القدم",
            "specialty": "434e9efc-38e7-4ad4-9b9b-84991645a8b8",
            "country": "49feecf3-d3a1-4128-a2b7-cec4b979d473",
            "city": "fb3cb9f4-5a85-46f2-8edf-2ff5dac19fee",
            "duration_minutes": 60,
            "currency": "KWD",
            "base_price": "24.00",
            "discount_price": null,
            "is_for_male": false,
            "is_for_female": true,
            "ideal_for": "",
            "ideal_for_en": null,
            "ideal_for_ar": null,
            "benefits": [],
            "session_benefits": null,
            "session_benefits_en": null,
            "session_benefits_ar": null,
            "spa_center": "50003e65-fe48-4246-80f5-3208ef10cc2c",
            "is_eligible_for_loyalty": true,
            "booking_count": 0,
            "is_active": true,
            "sort_order": 0,
            "created_at": "2026-04-02T07:00:30.578Z",
            "updated_at": "2026-04-02T07:00:30.578Z",
            "add_on_services": []
        }
    },
    {
        "model": "spacenter.service",
        "pk": "02f857bb-0536-4958-9c68-3d134be875cd",
        "fields": {
            "name": "HERBEL MASSAGE",
            "name_en": "HERBEL MASSAGE",
            "name_ar": "مســــــــاج الاعشــــــــاب",
            "description": "It helps relieve pain and fatigue, warm up and relax the muscles, which enhances\r\nmuscle relaxation and aids in eliminating toxins from the body thanks to the deep\r\nheat effect.",
            "description_en": "It helps relieve pain and fatigue, warm up and relax the muscles, which enhances\r\nmuscle relaxation and aids in eliminating toxins from the body thanks to the deep\r\nheat effect.",
            "description_ar": "يعمل على تخفيف التوتر وتهدئة ا£عصاب وتحسين الدورة الدموية وتخفيـــف آلام المفـاصل\r\nوالعضلات",
            "specialty": "434e9efc-38e7-4ad4-9b9b-84991645a8b8",
            "country": "49feecf3-d3a1-4128-a2b7-cec4b979d473",
            "city": "fb3cb9f4-5a85-46f2-8edf-2ff5dac19fee",
            "duration_minutes": 60,
            "currency": "KWD",
            "base_price": "25.00",
            "discount_price": null,
            "is_for_male": false,
            "is_for_female": true,
            "ideal_for": "",
            "ideal_for_en": null,
            "ideal_for_ar": null,
            "benefits": [],
            "session_benefits": null,
            "session_benefits_en": null,
            "session_benefits_ar": null,
            "spa_center": "50003e65-fe48-4246-80f5-3208ef10cc2c",
            "is_eligible_for_loyalty": true,
            "booking_count": 0,
            "is_active": true,
            "sort_order": 0,
            "created_at": "2026-04-02T07:07:37.738Z",
            "updated_at": "2026-04-02T07:09:08.740Z",
            "add_on_services": []
        }
    },
    {
        "model": "spacenter.service",
        "pk": "0fb870dc-dc9e-43ac-be11-1ec2c2813d91",
        "fields": {
            "name": "USH SAUNA",
            "name_en": "USH SAUNA",
            "name_ar": "ساونا أوش",
            "description": "Sauna helps your body release toxins & stress, boosts circulation, and energizes body & mind",
            "description_en": "Sauna helps your body release toxins & stress, boosts circulation, and energizes body & mind",
            "description_ar": "الســـاونا تخلي جسمج يتخلص من السموم والضغط النفسي\r\nتحسن الدورة الدموية وتعطيج إحساس بالراحة وتســاعـــــد على تنشيـــــط الجســـــم والعقــــل",
            "specialty": "6d1b5add-e75c-4e64-a24e-d2ef1979e393",
            "country": "49feecf3-d3a1-4128-a2b7-cec4b979d473",
            "city": "ef783d8b-6e9b-4eee-90aa-db94e9ccbf56",
            "duration_minutes": 15,
            "currency": "KWD",
            "base_price": "5.00",
            "discount_price": null,
            "is_for_male": false,
            "is_for_female": true,
            "ideal_for": "",
            "ideal_for_en": null,
            "ideal_for_ar": null,
            "benefits": [],
            "session_benefits": null,
            "session_benefits_en": null,
            "session_benefits_ar": null,
            "spa_center": "f4b3d0ef-f1b9-4e1f-a923-bca636f6fa50",
            "is_eligible_for_loyalty": true,
            "booking_count": 0,
            "is_active": true,
            "sort_order": 0,
            "created_at": "2026-04-02T06:40:11.371Z",
            "updated_at": "2026-04-02T06:40:11.371Z",
            "add_on_services": []
        }
    },
    {
        "model": "spacenter.service",
        "pk": "23c1d373-142e-4c64-b05f-1ed5105bac39",
        "fields": {
            "name": "GOLDEN MOROCCAN PACKAGE",
            "name_en": "GOLDEN MOROCCAN PACKAGE",
            "name_ar": "باقة الحمام المغربي الذهبية",
            "description": "Royal Moroccan Hammam + 1-hour Massage + Jacuzzi or Sauna (15 min) Choose between a jacuzzi or sauna to refresh your body and soul.",
            "description_en": "Royal Moroccan Hammam + 1-hour Massage + Jacuzzi or Sauna (15 min) Choose between a jacuzzi or sauna to refresh your body and soul.",
            "description_ar": "حمام مغربي ملكي + مساج لمدة ساعة + جاكوزي أو ساونا (15 دقيقة) اختر بين الجاكوزي أو الساونا لتنعشي جسمك وروحك.",
            "specialty": "152039aa-e651-4956-bc1c-794e6424fd69",
            "country": "49feecf3-d3a1-4128-a2b7-cec4b979d473",
            "city": "fb3cb9f4-5a85-46f2-8edf-2ff5dac19fee",
            "duration_minutes": 180,
            "currency": "KWD",
            "base_price": "61.00",
            "discount_price": null,
            "is_for_male": false,
            "is_for_female": true,
            "ideal_for": "",
            "ideal_for_en": null,
            "ideal_for_ar": null,
            "benefits": [],
            "session_benefits": null,
            "session_benefits_en": null,
            "session_benefits_ar": null,
            "spa_center": "50003e65-fe48-4246-80f5-3208ef10cc2c",
            "is_eligible_for_loyalty": true,
            "booking_count": 0,
            "is_active": true,
            "sort_order": 0,
            "created_at": "2026-04-02T07:33:07.953Z",
            "updated_at": "2026-04-02T07:33:07.954Z",
            "add_on_services": []
        }
    },
    {
        "model": "spacenter.service",
        "pk": "2adcd096-b9ee-4738-8122-b68df6f4084b",
        "fields": {
            "name": "USH JACUZZI",
            "name_en": "USH JACUZZI",
            "name_ar": "جاكوزي أوش",
            "description": "A Jaccuzi Session relieves muscle fatigue after a long day.\r\nIt calms the mind and leaves you feeling energetic, and invigorated from the first moment",
            "description_en": "A Jaccuzi Session relieves muscle fatigue after a long day.\r\nIt calms the mind and leaves you feeling energetic, and invigorated from the first moment",
            "description_ar": "يخفف تعب العضلات بعد يوم طويل\r\nيهدي العقـــــل ويخلــــــــي بالك مرتاح ويحسسك بالنشاط والحيوية من أول لحظة",
            "specialty": "3ab7e059-ab34-473d-b6e2-bbebf8f9c107",
            "country": "49feecf3-d3a1-4128-a2b7-cec4b979d473",
            "city": "ef783d8b-6e9b-4eee-90aa-db94e9ccbf56",
            "duration_minutes": 15,
            "currency": "KWD",
            "base_price": "5.00",
            "discount_price": null,
            "is_for_male": false,
            "is_for_female": true,
            "ideal_for": "",
            "ideal_for_en": null,
            "ideal_for_ar": null,
            "benefits": [],
            "session_benefits": null,
            "session_benefits_en": null,
            "session_benefits_ar": null,
            "spa_center": "f4b3d0ef-f1b9-4e1f-a923-bca636f6fa50",
            "is_eligible_for_loyalty": true,
            "booking_count": 0,
            "is_active": true,
            "sort_order": 14,
            "created_at": "2026-04-02T06:38:09.980Z",
            "updated_at": "2026-04-02T11:28:36.111Z",
            "add_on_services": []
        }
    },
    {
        "model": "spacenter.service",
        "pk": "2f6133f6-a92d-44c6-bd8d-096eb7a8b008",
        "fields": {
            "name": "THERAPY MASSAGE",
            "name_en": "THERAPY MASSAGE",
            "name_ar": "مســـــاج علاجـــي",
            "description": "It helps in Reducing psychological pressure ، Reducing mental stress ، Relieving tension and pain ، Improving blood circulation ، Enhancing overall body functions.",
            "description_en": "It helps in Reducing psychological pressure ، Reducing mental stress ، Relieving tension and pain ، Improving blood circulation ، Enhancing overall body functions.",
            "description_ar": "يعمل على تخفيف الضغط النفسـي ، تخفيـف التـوتـر العقلـي ، تخفيـف التوتـر والالم ، تحسيـن الـدورة الدموية ، تحسين وظائف الجسم بشكل عــام",
            "specialty": "434e9efc-38e7-4ad4-9b9b-84991645a8b8",
            "country": "49feecf3-d3a1-4128-a2b7-cec4b979d473",
            "city": "ef783d8b-6e9b-4eee-90aa-db94e9ccbf56",
            "duration_minutes": 60,
            "currency": "KWD",
            "base_price": "24.00",
            "discount_price": null,
            "is_for_male": false,
            "is_for_female": true,
            "ideal_for": "",
            "ideal_for_en": null,
            "ideal_for_ar": null,
            "benefits": [],
            "session_benefits": null,
            "session_benefits_en": null,
            "session_benefits_ar": null,
            "spa_center": "f4b3d0ef-f1b9-4e1f-a923-bca636f6fa50",
            "is_eligible_for_loyalty": true,
            "booking_count": 0,
            "is_active": true,
            "sort_order": 3,
            "created_at": "2026-04-02T05:38:33.213Z",
            "updated_at": "2026-04-02T05:55:43.225Z",
            "add_on_services": []
        }
    },
    {
        "model": "spacenter.service",
        "pk": "30145ca8-e645-4a51-9fc3-b1f98691a5c9",
        "fields": {
            "name": "PAMPERING PACKAGE",
            "name_en": "PAMPERING PACKAGE",
            "name_ar": "باقة الدلال",
            "description": "1-hour Massage + Jacuzzi & Sauna (15 min each) Your special moments in your private suite",
            "description_en": "1-hour Massage + Jacuzzi & Sauna (15 min each) Your special moments in your private suite",
            "description_ar": "جلسة تدليك لمدة ساعة + جاكوزي وساونا (15 دقيقة لكل منهما) لحظاتك الخاصة في جناحك الخاص",
            "specialty": "152039aa-e651-4956-bc1c-794e6424fd69",
            "country": "49feecf3-d3a1-4128-a2b7-cec4b979d473",
            "city": "fb3cb9f4-5a85-46f2-8edf-2ff5dac19fee",
            "duration_minutes": 120,
            "currency": "KWD",
            "base_price": "44.00",
            "discount_price": null,
            "is_for_male": false,
            "is_for_female": true,
            "ideal_for": "",
            "ideal_for_en": null,
            "ideal_for_ar": null,
            "benefits": [],
            "session_benefits": null,
            "session_benefits_en": null,
            "session_benefits_ar": null,
            "spa_center": "50003e65-fe48-4246-80f5-3208ef10cc2c",
            "is_eligible_for_loyalty": true,
            "booking_count": 0,
            "is_active": true,
            "sort_order": 0,
            "created_at": "2026-04-02T07:35:18.312Z",
            "updated_at": "2026-04-02T07:35:18.312Z",
            "add_on_services": []
        }
    },
    {
        "model": "spacenter.service",
        "pk": "35f49daf-5b5c-49f8-99b8-096f0584d34e",
        "fields": {
            "name": "Moroccan bath USH",
            "name_en": "Moroccan bath USH",
            "name_ar": "حمام مغربي اوش",
            "description": "Moroccan bath USH",
            "description_en": "Moroccan bath USH",
            "description_ar": "حمام مغربي اوش",
            "specialty": "1e606e3b-45a3-4438-b9ca-cf75f0bfd00c",
            "country": "49feecf3-d3a1-4128-a2b7-cec4b979d473",
            "city": "fb3cb9f4-5a85-46f2-8edf-2ff5dac19fee",
            "duration_minutes": 60,
            "currency": "KWD",
            "base_price": "22.00",
            "discount_price": null,
            "is_for_male": false,
            "is_for_female": true,
            "ideal_for": "",
            "ideal_for_en": null,
            "ideal_for_ar": null,
            "benefits": [],
            "session_benefits": null,
            "session_benefits_en": null,
            "session_benefits_ar": null,
            "spa_center": "50003e65-fe48-4246-80f5-3208ef10cc2c",
            "is_eligible_for_loyalty": true,
            "booking_count": 0,
            "is_active": true,
            "sort_order": 0,
            "created_at": "2026-04-02T07:23:54.464Z",
            "updated_at": "2026-04-02T07:23:54.464Z",
            "add_on_services": []
        }
    },
    {
        "model": "spacenter.service",
        "pk": "417d6d2b-86ac-4e36-87a0-74085554a5ec",
        "fields": {
            "name": "USH SAUNA",
            "name_en": "USH SAUNA",
            "name_ar": "ساونا أوش",
            "description": "Sauna helps your body release toxins & stress, boosts circulation, and energizes body & mind",
            "description_en": "Sauna helps your body release toxins & stress, boosts circulation, and energizes body & mind",
            "description_ar": "الســـاونا تخلي جسمج يتخلص من السموم والضغط النفسي\r\nتحسن الدورة الدموية وتعطيج إحساس بالراحة وتســاعـــــد على تنشيـــــط الجســـــم والعقــــل",
            "specialty": "6d1b5add-e75c-4e64-a24e-d2ef1979e393",
            "country": "49feecf3-d3a1-4128-a2b7-cec4b979d473",
            "city": "fb3cb9f4-5a85-46f2-8edf-2ff5dac19fee",
            "duration_minutes": 15,
            "currency": "KWD",
            "base_price": "5.00",
            "discount_price": null,
            "is_for_male": false,
            "is_for_female": true,
            "ideal_for": "",
            "ideal_for_en": null,
            "ideal_for_ar": null,
            "benefits": [],
            "session_benefits": null,
            "session_benefits_en": null,
            "session_benefits_ar": null,
            "spa_center": "50003e65-fe48-4246-80f5-3208ef10cc2c",
            "is_eligible_for_loyalty": true,
            "booking_count": 0,
            "is_active": true,
            "sort_order": 0,
            "created_at": "2026-04-02T07:21:28.427Z",
            "updated_at": "2026-04-02T07:21:28.427Z",
            "add_on_services": []
        }
    },
    {
        "model": "spacenter.service",
        "pk": "4622ac08-60d1-4f07-b7b5-b68b33be8cbe",
        "fields": {
            "name": "ROYAL PACKAGE",
            "name_en": "ROYAL PACKAGE",
            "name_ar": "الباقة الملكية",
            "description": "Royal Moroccan Hammam + 1-hour Massage + Jacuzzi & Sauna (15 min each) A magical royal experience in your private suite",
            "description_en": "Royal Moroccan Hammam + 1-hour Massage + Jacuzzi & Sauna (15 min each) A magical royal experience in your private suite",
            "description_ar": "حمام مغربي ملكي + جلسة تدليك لمدة ساعة + جاكوزي وساونا (15 دقيقة لكل منهما) تجربة ملكية ساحرة في جناحك الخاص",
            "specialty": "152039aa-e651-4956-bc1c-794e6424fd69",
            "country": "49feecf3-d3a1-4128-a2b7-cec4b979d473",
            "city": "fb3cb9f4-5a85-46f2-8edf-2ff5dac19fee",
            "duration_minutes": 180,
            "currency": "KWD",
            "base_price": "66.00",
            "discount_price": null,
            "is_for_male": false,
            "is_for_female": true,
            "ideal_for": "",
            "ideal_for_en": null,
            "ideal_for_ar": null,
            "benefits": [],
            "session_benefits": null,
            "session_benefits_en": null,
            "session_benefits_ar": null,
            "spa_center": "50003e65-fe48-4246-80f5-3208ef10cc2c",
            "is_eligible_for_loyalty": true,
            "booking_count": 0,
            "is_active": true,
            "sort_order": 0,
            "created_at": "2026-04-02T07:31:01.211Z",
            "updated_at": "2026-04-02T07:31:01.211Z",
            "add_on_services": []
        }
    },
    {
        "model": "spacenter.service",
        "pk": "66701866-4f73-4a3f-8c6d-e0bed1b15d9f",
        "fields": {
            "name": "KASAT HWA",
            "name_en": "KASAT HWA",
            "name_ar": "كاســــات الهوا",
            "description": "Also known as dry cupping, this is an ancient therapeutic technique that uses special\r\ncups placed on the skin to stimulate blood circulation & naturally promote overall\r\nhealth. This method helps to: Improve blood flow, Relieve muscle pain, and Support\r\nthe body’s natural healing process.",
            "description_en": "Also known as dry cupping, this is an ancient therapeutic technique that uses special\r\ncups placed on the skin to stimulate blood circulation & naturally promote overall\r\nhealth. This method helps to: Improve blood flow, Relieve muscle pain, and Support\r\nthe body’s natural healing process.",
            "description_ar": "ً المعروف أيضا باسم الحجامة الجافة، هو أسلوب علاجي قديم يستخدم كاسات مخصصة على الجلد لتحفيز\r\nالدورة الدموية وتعزيز صحة الجسم بشكل طبيعي وتساعد هذه التقنية على: تحسين تدفق الدم، تخفيف\r\nالالام العضلية وتعزيز الشفاء الطبيعي للجسم",
            "specialty": "4df7e42f-c08f-4d75-9a33-bbcc00279f08",
            "country": "49feecf3-d3a1-4128-a2b7-cec4b979d473",
            "city": "ef783d8b-6e9b-4eee-90aa-db94e9ccbf56",
            "duration_minutes": 60,
            "currency": "KWD",
            "base_price": "8.00",
            "discount_price": null,
            "is_for_male": false,
            "is_for_female": true,
            "ideal_for": "",
            "ideal_for_en": null,
            "ideal_for_ar": null,
            "benefits": [],
            "session_benefits": null,
            "session_benefits_en": null,
            "session_benefits_ar": null,
            "spa_center": "f4b3d0ef-f1b9-4e1f-a923-bca636f6fa50",
            "is_eligible_for_loyalty": true,
            "booking_count": 0,
            "is_active": true,
            "sort_order": 11,
            "created_at": "2026-04-02T06:30:26.587Z",
            "updated_at": "2026-04-02T06:34:12.895Z",
            "add_on_services": []
        }
    },
    {
        "model": "spacenter.service",
        "pk": "6e1a42e8-e81d-4689-82dc-f84caa9c3f2f",
        "fields": {
            "name": "JAPANESE HAIR DETOX",
            "name_en": "JAPANESE HAIR DETOX",
            "name_ar": "جابنيز ديتوكس للشعر",
            "description": "6 steps of luxury and deep cleansing, with relaxation through a %100 natural oil scalp massage, along with hair moisturizing.",
            "description_en": "6 steps of luxury and deep cleansing, with relaxation through a %100 natural oil scalp massage, along with hair moisturizing.",
            "description_ar": "6 خطوات من الفخامة والتنظيف العميق، مع الاسترخاء من خلال تدليك فروة الرأس بزيت طبيعي 100%، بالإضافة إلى ترطيب الشعر.",
            "specialty": "7ec2b863-64ee-43cb-996a-b9f0d112d3e4",
            "country": "49feecf3-d3a1-4128-a2b7-cec4b979d473",
            "city": "ef783d8b-6e9b-4eee-90aa-db94e9ccbf56",
            "duration_minutes": 45,
            "currency": "KWD",
            "base_price": "20.00",
            "discount_price": null,
            "is_for_male": false,
            "is_for_female": true,
            "ideal_for": "",
            "ideal_for_en": null,
            "ideal_for_ar": null,
            "benefits": [],
            "session_benefits": null,
            "session_benefits_en": null,
            "session_benefits_ar": null,
            "spa_center": "f4b3d0ef-f1b9-4e1f-a923-bca636f6fa50",
            "is_eligible_for_loyalty": true,
            "booking_count": 0,
            "is_active": true,
            "sort_order": 1,
            "created_at": "2026-04-01T11:46:50.791Z",
            "updated_at": "2026-04-02T05:55:43.218Z",
            "add_on_services": []
        }
    },
    {
        "model": "spacenter.service",
        "pk": "6f5d3a2b-b05c-453d-afb3-49cfa9123aab",
        "fields": {
            "name": "ROYAL MESSAGE",
            "name_en": "ROYAL MESSAGE",
            "name_ar": "المساج الملكي",
            "description": "Royal massage in a private suite",
            "description_en": "Royal massage in a private suite",
            "description_ar": "مساج ملكي في جناح خاص",
            "specialty": "152039aa-e651-4956-bc1c-794e6424fd69",
            "country": "49feecf3-d3a1-4128-a2b7-cec4b979d473",
            "city": "fb3cb9f4-5a85-46f2-8edf-2ff5dac19fee",
            "duration_minutes": 60,
            "currency": "KWD",
            "base_price": "34.00",
            "discount_price": null,
            "is_for_male": false,
            "is_for_female": true,
            "ideal_for": "",
            "ideal_for_en": null,
            "ideal_for_ar": null,
            "benefits": [],
            "session_benefits": null,
            "session_benefits_en": null,
            "session_benefits_ar": null,
            "spa_center": "50003e65-fe48-4246-80f5-3208ef10cc2c",
            "is_eligible_for_loyalty": true,
            "booking_count": 0,
            "is_active": true,
            "sort_order": 0,
            "created_at": "2026-04-02T07:39:22.086Z",
            "updated_at": "2026-04-02T07:39:22.086Z",
            "add_on_services": []
        }
    },
    {
        "model": "spacenter.service",
        "pk": "723f9de5-5526-40dd-a0b2-00c326c649e8",
        "fields": {
            "name": "SWEIDISH MASSAGE",
            "name_en": "SWEIDISH MASSAGE",
            "name_ar": "مســاج الســــويدي",
            "description": "Swedish massage is a type of therapeutic massage aimed at relaxation, relieving\r\nstress and muscle tension, improving blood circulation, and increasing muscle\r\nflexibility. It is highly beneficial for those who engage in physical exercise.",
            "description_en": "Swedish massage is a type of therapeutic massage aimed at relaxation, relieving\r\nstress and muscle tension, improving blood circulation, and increasing muscle\r\nflexibility. It is highly beneficial for those who engage in physical exercise.",
            "description_ar": "المساج السويدي هو نوع من أنواع التدليك العلاجي، يهدف الى استرخاء وتخفيف التوتر وشـد\r\nً العضلات وتحسين الدورة الدموية وزيادة مرونة العضلات. مفيد جدا لمن يمارس التمارين الرياضية",
            "specialty": "434e9efc-38e7-4ad4-9b9b-84991645a8b8",
            "country": "49feecf3-d3a1-4128-a2b7-cec4b979d473",
            "city": "ef783d8b-6e9b-4eee-90aa-db94e9ccbf56",
            "duration_minutes": 60,
            "currency": "KWD",
            "base_price": "24.00",
            "discount_price": null,
            "is_for_male": false,
            "is_for_female": true,
            "ideal_for": "",
            "ideal_for_en": null,
            "ideal_for_ar": null,
            "benefits": [],
            "session_benefits": null,
            "session_benefits_en": null,
            "session_benefits_ar": null,
            "spa_center": "f4b3d0ef-f1b9-4e1f-a923-bca636f6fa50",
            "is_eligible_for_loyalty": true,
            "booking_count": 0,
            "is_active": true,
            "sort_order": 8,
            "created_at": "2026-04-02T06:09:31.189Z",
            "updated_at": "2026-04-02T07:42:27.525Z",
            "add_on_services": []
        }
    },
    {
        "model": "spacenter.service",
        "pk": "8034529f-9b4a-46e6-b1b9-12f7f120d4ef",
        "fields": {
            "name": "FOOT MASSAGE",
            "name_en": "FOOT MASSAGE",
            "name_ar": "مساج القدم",
            "description": "Body comfort starts from the feet, and the feet are a map of all the body’s organs. Foot massage helps relieve stress and promote relaxation, and it also helps in treating migraines, joint pain, and foot swelling.",
            "description_en": "Body comfort starts from the feet, and the feet are a map of all the body’s organs. Foot massage helps relieve stress and promote relaxation, and it also helps in treating migraines, joint pain, and foot swelling.",
            "description_ar": "راحة الجسم تبدأ من القدمين، والقدم عباره عن خريطة لجميع أعضاء الجسم. يساعدك مساج الأقدام على تخفيف الإجهاد وتعزيز الإسترخاء، كما أنه يساعد في علاج الصداع النصفي وآلام المفاصل وتورم القدمين.",
            "specialty": "434e9efc-38e7-4ad4-9b9b-84991645a8b8",
            "country": "49feecf3-d3a1-4128-a2b7-cec4b979d473",
            "city": "ef783d8b-6e9b-4eee-90aa-db94e9ccbf56",
            "duration_minutes": 45,
            "currency": "KWD",
            "base_price": "15.00",
            "discount_price": null,
            "is_for_male": false,
            "is_for_female": true,
            "ideal_for": "",
            "ideal_for_en": null,
            "ideal_for_ar": null,
            "benefits": [],
            "session_benefits": null,
            "session_benefits_en": null,
            "session_benefits_ar": null,
            "spa_center": "f4b3d0ef-f1b9-4e1f-a923-bca636f6fa50",
            "is_eligible_for_loyalty": true,
            "booking_count": 0,
            "is_active": true,
            "sort_order": 0,
            "created_at": "2026-04-02T05:30:32.845Z",
            "updated_at": "2026-04-02T05:55:43.208Z",
            "add_on_services": []
        }
    },
    {
        "model": "spacenter.service",
        "pk": "8794ba27-d27b-47aa-b27a-a09126c66ff2",
        "fields": {
            "name": "USH JACUZZI",
            "name_en": "USH JACUZZI",
            "name_ar": "جاكوزي أوش",
            "description": "A Jaccuzi Session relieves muscle fatigue after a long day.\r\nIt calms the mind and leaves you feeling energetic, and invigorated from the first moment",
            "description_en": "A Jaccuzi Session relieves muscle fatigue after a long day.\r\nIt calms the mind and leaves you feeling energetic, and invigorated from the first moment",
            "description_ar": "يخفف تعب العضلات بعد يوم طويل\r\nيهدي العقـــــل ويخلــــــــي بالك مرتاح ويحسسك بالنشاط والحيوية من أول لحظة",
            "specialty": "3ab7e059-ab34-473d-b6e2-bbebf8f9c107",
            "country": "49feecf3-d3a1-4128-a2b7-cec4b979d473",
            "city": "fb3cb9f4-5a85-46f2-8edf-2ff5dac19fee",
            "duration_minutes": 15,
            "currency": "KWD",
            "base_price": "5.00",
            "discount_price": null,
            "is_for_male": false,
            "is_for_female": true,
            "ideal_for": "",
            "ideal_for_en": null,
            "ideal_for_ar": null,
            "benefits": [],
            "session_benefits": null,
            "session_benefits_en": null,
            "session_benefits_ar": null,
            "spa_center": "50003e65-fe48-4246-80f5-3208ef10cc2c",
            "is_eligible_for_loyalty": true,
            "booking_count": 0,
            "is_active": true,
            "sort_order": 0,
            "created_at": "2026-04-02T07:19:39.758Z",
            "updated_at": "2026-04-02T11:22:04.055Z",
            "add_on_services": []
        }
    },
    {
        "model": "spacenter.service",
        "pk": "88e68919-74ee-45eb-a07b-a3a483fa83b0",
        "fields": {
            "name": "SWEIDISH MASSAGE",
            "name_en": "SWEIDISH MASSAGE",
            "name_ar": "مســاج الســــويدي",
            "description": "Swedish massage is a type of therapeutic massage aimed at relaxation, relieving\r\nstress and muscle tension, improving blood circulation, and increasing muscle\r\nflexibility. It is highly beneficial for those who engage in physical exercise.",
            "description_en": "Swedish massage is a type of therapeutic massage aimed at relaxation, relieving\r\nstress and muscle tension, improving blood circulation, and increasing muscle\r\nflexibility. It is highly beneficial for those who engage in physical exercise.",
            "description_ar": "المساج السويدي هو نوع من أنواع التدليك العلاجي، يهدف الى استرخاء وتخفيف التوتر وشـد\r\nً العضلات وتحسين الدورة الدموية وزيادة مرونة العضلات. مفيد جدا لمن يمارس التمارين الرياضية",
            "specialty": "434e9efc-38e7-4ad4-9b9b-84991645a8b8",
            "country": "49feecf3-d3a1-4128-a2b7-cec4b979d473",
            "city": "fb3cb9f4-5a85-46f2-8edf-2ff5dac19fee",
            "duration_minutes": 60,
            "currency": "KWD",
            "base_price": "24.00",
            "discount_price": null,
            "is_for_male": false,
            "is_for_female": true,
            "ideal_for": "",
            "ideal_for_en": null,
            "ideal_for_ar": null,
            "benefits": [],
            "session_benefits": null,
            "session_benefits_en": null,
            "session_benefits_ar": null,
            "spa_center": "50003e65-fe48-4246-80f5-3208ef10cc2c",
            "is_eligible_for_loyalty": true,
            "booking_count": 0,
            "is_active": true,
            "sort_order": 0,
            "created_at": "2026-04-02T07:02:20.677Z",
            "updated_at": "2026-04-02T07:02:20.677Z",
            "add_on_services": []
        }
    },
    {
        "model": "spacenter.service",
        "pk": "8a315805-ec7d-44b4-adba-b9eb0d569a87",
        "fields": {
            "name": "FOOT MASSAGE",
            "name_en": "FOOT MASSAGE",
            "name_ar": "مساج القدم",
            "description": "Body comfort starts from the feet, and the feet are a map of all the body’s organs. Foot massage helps relieve stress and promote relaxation, and it also helps in treating migraines, joint pain, and foot swelling.",
            "description_en": "Body comfort starts from the feet, and the feet are a map of all the body’s organs. Foot massage helps relieve stress and promote relaxation, and it also helps in treating migraines, joint pain, and foot swelling.",
            "description_ar": "راحة الجسم تبدأ من القدمين، والقدم عباره عن خريطة لجميع أعضاء الجسم. يساعدك مساج الأقدام على تخفيف الإجهاد وتعزيز الإسترخاء، كما أنه يساعد في علاج الصداع النصفي وآلام المفاصل وتورم القدمين.",
            "specialty": "434e9efc-38e7-4ad4-9b9b-84991645a8b8",
            "country": "49feecf3-d3a1-4128-a2b7-cec4b979d473",
            "city": "fb3cb9f4-5a85-46f2-8edf-2ff5dac19fee",
            "duration_minutes": 46,
            "currency": "KWD",
            "base_price": "15.00",
            "discount_price": null,
            "is_for_male": false,
            "is_for_female": true,
            "ideal_for": "",
            "ideal_for_en": null,
            "ideal_for_ar": null,
            "benefits": [],
            "session_benefits": null,
            "session_benefits_en": null,
            "session_benefits_ar": null,
            "spa_center": "50003e65-fe48-4246-80f5-3208ef10cc2c",
            "is_eligible_for_loyalty": true,
            "booking_count": 0,
            "is_active": true,
            "sort_order": 0,
            "created_at": "2026-04-02T06:50:28.279Z",
            "updated_at": "2026-04-02T06:50:28.279Z",
            "add_on_services": []
        }
    },
    {
        "model": "spacenter.service",
        "pk": "8d1d474d-b920-4a02-a358-8f08d9d992c1",
        "fields": {
            "name": "LIGHT LUXURY PACKAGE",
            "name_en": "LIGHT LUXURY PACKAGE",
            "name_ar": "باقة الرفاهية",
            "description": "1-hour Massage + Jacuzzi or Sauna (15 min) A luxurious and rapid refreshment; a glimpse of royal luxury.",
            "description_en": "1-hour Massage + Jacuzzi or Sauna (15 min) A luxurious and rapid refreshment; a glimpse of royal luxury.",
            "description_ar": "جلسة تدليك لمدة ساعة واحدة + جاكوزي أو ساونا (15 دقيقة) انتعاش فاخر وسريع يمنحك لمحة من الرفاهية الملكية",
            "specialty": "152039aa-e651-4956-bc1c-794e6424fd69",
            "country": "49feecf3-d3a1-4128-a2b7-cec4b979d473",
            "city": "fb3cb9f4-5a85-46f2-8edf-2ff5dac19fee",
            "duration_minutes": 90,
            "currency": "KWD",
            "base_price": "39.00",
            "discount_price": null,
            "is_for_male": false,
            "is_for_female": true,
            "ideal_for": "",
            "ideal_for_en": null,
            "ideal_for_ar": null,
            "benefits": [],
            "session_benefits": null,
            "session_benefits_en": null,
            "session_benefits_ar": null,
            "spa_center": "50003e65-fe48-4246-80f5-3208ef10cc2c",
            "is_eligible_for_loyalty": true,
            "booking_count": 0,
            "is_active": true,
            "sort_order": 0,
            "created_at": "2026-04-02T07:37:22.785Z",
            "updated_at": "2026-04-02T07:37:22.785Z",
            "add_on_services": []
        }
    },
    {
        "model": "spacenter.service",
        "pk": "96967532-9af9-4821-82b6-fadb2bb61420",
        "fields": {
            "name": "EAR CANDLING",
            "name_en": "EAR CANDLING",
            "name_ar": "شمع الاذن بالشمع الحراري",
            "description": "Earwax Removal\r\nHearing Improvement\r\nRelief of Ear Pressure or Blockage\r\nHeadache or Stress Relief",
            "description_en": "Earwax Removal\r\nHearing Improvement\r\nRelief of Ear Pressure or Blockage\r\nHeadache or Stress Relief",
            "description_ar": "إزالــــــــــــــــة شمـــــــــــــــع الاذن\r\nتحسيـــــــــــــن السمــــــــــــــــــع\r\nتخفيف الضغط أو انسداد الاذن\r\nتهدئة الصـــــــــداع أو التــــــــــوتر",
            "specialty": "31a8acff-efc6-4490-b9c0-9e544bd1a0a1",
            "country": "49feecf3-d3a1-4128-a2b7-cec4b979d473",
            "city": "ef783d8b-6e9b-4eee-90aa-db94e9ccbf56",
            "duration_minutes": 10,
            "currency": "KWD",
            "base_price": "5.00",
            "discount_price": null,
            "is_for_male": false,
            "is_for_female": true,
            "ideal_for": "",
            "ideal_for_en": null,
            "ideal_for_ar": null,
            "benefits": [],
            "session_benefits": null,
            "session_benefits_en": null,
            "session_benefits_ar": null,
            "spa_center": "f4b3d0ef-f1b9-4e1f-a923-bca636f6fa50",
            "is_eligible_for_loyalty": true,
            "booking_count": 0,
            "is_active": true,
            "sort_order": 12,
            "created_at": "2026-04-02T06:33:45.884Z",
            "updated_at": "2026-04-02T11:24:45.393Z",
            "add_on_services": []
        }
    },
    {
        "model": "spacenter.service",
        "pk": "9c33caf5-d711-405f-b4d6-fd192c2c271b",
        "fields": {
            "name": "THAI MASSAGE",
            "name_en": "THAI MASSAGE",
            "name_ar": "المساج التايلندي التقليدي",
            "description": "Traditional Thai massage is an ancient physical therapy that relies on a\r\ncombination of pressure, stretching, and extension of various body muscles.\r\nThis technique helps to:\r\n\r\nImprove flexibility\r\nReduce stress and tension\r\nRelieve back and muscle pain\r\nEnhance blood circulation",
            "description_en": "Traditional Thai massage is an ancient physical therapy that relies on a\r\ncombination of pressure, stretching, and extension of various body muscles.\r\nThis technique helps to:\r\n\r\nImprove flexibility\r\nReduce stress and tension\r\nRelieve back and muscle pain\r\nEnhance blood circulation",
            "description_ar": "المساج التايلندي التقليدي هو علاج جسدي قديم يعتمد على مزيج من الضغط والشد والتمــــدد\r\nلمختلف عضلات الجســـم. تساعد هذه التقنية على\r\nتحسيـــــــــــــــــن المـــــــــــــــرونة\r\nتخفيـــــــــف التوتر واجهـــــــــاد",
            "specialty": "434e9efc-38e7-4ad4-9b9b-84991645a8b8",
            "country": "49feecf3-d3a1-4128-a2b7-cec4b979d473",
            "city": "ef783d8b-6e9b-4eee-90aa-db94e9ccbf56",
            "duration_minutes": 60,
            "currency": "KWD",
            "base_price": "24.00",
            "discount_price": null,
            "is_for_male": false,
            "is_for_female": true,
            "ideal_for": "",
            "ideal_for_en": null,
            "ideal_for_ar": null,
            "benefits": [],
            "session_benefits": null,
            "session_benefits_en": null,
            "session_benefits_ar": null,
            "spa_center": "f4b3d0ef-f1b9-4e1f-a923-bca636f6fa50",
            "is_eligible_for_loyalty": true,
            "booking_count": 0,
            "is_active": true,
            "sort_order": 6,
            "created_at": "2026-04-02T06:14:21.639Z",
            "updated_at": "2026-04-02T07:44:51.454Z",
            "add_on_services": []
        }
    },
    {
        "model": "spacenter.service",
        "pk": "9ce805da-74fa-4f9e-891f-bf39b6d7254c",
        "fields": {
            "name": "AFTER DELIVERY MASSAGE",
            "name_en": "AFTER DELIVERY MASSAGE",
            "name_ar": "مســــــاج ما بعــــــد الــــــولادة",
            "description": "This massage is designed specifically for women after childbirth, and it helps with:\r\nRestoring the uterus to its natural position after delivery.\r\nRelieving back and abdominal pain caused by pregnancy and childbirth.\r\nPromoting overall relaxation and restoring energy after the pregnancy period",
            "description_en": "This massage is designed specifically for women after childbirth, and it helps with:\r\nRestoring the uterus to its natural position after delivery.\r\nRelieving back and abdominal pain caused by pregnancy and childbirth.\r\nPromoting overall relaxation and restoring energy after the pregnancy period",
            "description_ar": "هذا المســــاج مخصص للنســـاء بعد الولادة، ويســــاعد على\r\nإعــــــادة الرحــــــم لوضعـــــــــه الطبيعـــــــــــي بعــــــــــــد الولادة\r\nتخفيـــف آلام الظهــر والبطــن النـــــــــــاتجة عن الحمــل والولادة\r\nتعـــزيز الاسترخـــاء العـــام وتجديد الطـــــــــاقة بعد فترة الحمـل",
            "specialty": "434e9efc-38e7-4ad4-9b9b-84991645a8b8",
            "country": "49feecf3-d3a1-4128-a2b7-cec4b979d473",
            "city": "ef783d8b-6e9b-4eee-90aa-db94e9ccbf56",
            "duration_minutes": 60,
            "currency": "KWD",
            "base_price": "25.00",
            "discount_price": null,
            "is_for_male": false,
            "is_for_female": true,
            "ideal_for": "",
            "ideal_for_en": null,
            "ideal_for_ar": null,
            "benefits": [],
            "session_benefits": null,
            "session_benefits_en": null,
            "session_benefits_ar": null,
            "spa_center": "f4b3d0ef-f1b9-4e1f-a923-bca636f6fa50",
            "is_eligible_for_loyalty": true,
            "booking_count": 0,
            "is_active": true,
            "sort_order": 7,
            "created_at": "2026-04-02T06:11:56.380Z",
            "updated_at": "2026-04-02T06:11:56.380Z",
            "add_on_services": []
        }
    },
    {
        "model": "spacenter.service",
        "pk": "9d00135f-a512-4381-aa65-6541c0480839",
        "fields": {
            "name": "THAI MASSAGE",
            "name_en": "THAI MASSAGE",
            "name_ar": "المساج التايلندي التقليدي",
            "description": "Traditional Thai massage is an ancient physical therapy that relies on a\r\ncombination of pressure, stretching, and extension of various body muscles.\r\nThis technique helps to:\r\n\r\nImprove flexibility\r\nReduce stress and tension\r\nRelieve back and muscle pain\r\nEnhance blood circulation",
            "description_en": "Traditional Thai massage is an ancient physical therapy that relies on a\r\ncombination of pressure, stretching, and extension of various body muscles.\r\nThis technique helps to:\r\n\r\nImprove flexibility\r\nReduce stress and tension\r\nRelieve back and muscle pain\r\nEnhance blood circulation",
            "description_ar": "المساج التايلندي التقليدي هو علاج جسدي قديم يعتمد على مزيج من الضغط والشد والتمــــدد\r\nلمختلف عضلات الجســـم. تساعد هذه التقنية على\r\nتحسيـــــــــــــــــن المـــــــــــــــرونة\r\nتخفيـــــــــف التوتر واجهـــــــــاد",
            "specialty": "434e9efc-38e7-4ad4-9b9b-84991645a8b8",
            "country": "49feecf3-d3a1-4128-a2b7-cec4b979d473",
            "city": "fb3cb9f4-5a85-46f2-8edf-2ff5dac19fee",
            "duration_minutes": 60,
            "currency": "KWD",
            "base_price": "24.00",
            "discount_price": null,
            "is_for_male": false,
            "is_for_female": true,
            "ideal_for": "",
            "ideal_for_en": null,
            "ideal_for_ar": null,
            "benefits": [],
            "session_benefits": null,
            "session_benefits_en": null,
            "session_benefits_ar": null,
            "spa_center": "50003e65-fe48-4246-80f5-3208ef10cc2c",
            "is_eligible_for_loyalty": true,
            "booking_count": 0,
            "is_active": true,
            "sort_order": 0,
            "created_at": "2026-04-02T07:05:56.284Z",
            "updated_at": "2026-04-02T07:05:56.284Z",
            "add_on_services": []
        }
    },
    {
        "model": "spacenter.service",
        "pk": "a66994f4-8ab4-41ae-81f7-fc41529741bb",
        "fields": {
            "name": "HERBEL MASSAGE",
            "name_en": "HERBEL MASSAGE",
            "name_ar": "مســــــــاج الاعشــــــــاب",
            "description": "It helps relieve pain and fatigue, warm up and relax the muscles, which enhances\r\nmuscle relaxation and aids in eliminating toxins from the body thanks to the deep\r\nheat effect.",
            "description_en": "It helps relieve pain and fatigue, warm up and relax the muscles, which enhances\r\nmuscle relaxation and aids in eliminating toxins from the body thanks to the deep\r\nheat effect.",
            "description_ar": "يعمل على تخفيف التوتر وتهدئة ا£عصاب وتحسين الدورة الدموية وتخفيـــف آلام المفـاصل\r\nوالعضلات",
            "specialty": "434e9efc-38e7-4ad4-9b9b-84991645a8b8",
            "country": "49feecf3-d3a1-4128-a2b7-cec4b979d473",
            "city": "ef783d8b-6e9b-4eee-90aa-db94e9ccbf56",
            "duration_minutes": 60,
            "currency": "KWD",
            "base_price": "25.00",
            "discount_price": null,
            "is_for_male": false,
            "is_for_female": true,
            "ideal_for": "",
            "ideal_for_en": null,
            "ideal_for_ar": null,
            "benefits": [],
            "session_benefits": null,
            "session_benefits_en": null,
            "session_benefits_ar": null,
            "spa_center": "f4b3d0ef-f1b9-4e1f-a923-bca636f6fa50",
            "is_eligible_for_loyalty": true,
            "booking_count": 0,
            "is_active": true,
            "sort_order": 9,
            "created_at": "2026-04-02T06:17:14.650Z",
            "updated_at": "2026-04-02T06:17:14.650Z",
            "add_on_services": []
        }
    },
    {
        "model": "spacenter.service",
        "pk": "a85872b7-5503-47e5-b152-b04def5a9329",
        "fields": {
            "name": "THERAPY MASSAGE",
            "name_en": "THERAPY MASSAGE",
            "name_ar": "مســـــاج علاجـــي",
            "description": "It helps in Reducing psychological pressure ، Reducing mental stress ، Relieving tension and pain ، Improving blood circulation ، Enhancing overall body functions .",
            "description_en": "It helps in Reducing psychological pressure ، Reducing mental stress ، Relieving tension and pain ، Improving blood circulation ، Enhancing overall body functions .",
            "description_ar": "يعمل على تخفيف الضغط النفسـي ، تخفيـف التـوتـر العقلـي ، تخفيـف التوتـر والالم ، تحسيـن الـدورة الدموية ، تحسين وظائف الجسم بشكل عــام",
            "specialty": "434e9efc-38e7-4ad4-9b9b-84991645a8b8",
            "country": "49feecf3-d3a1-4128-a2b7-cec4b979d473",
            "city": "fb3cb9f4-5a85-46f2-8edf-2ff5dac19fee",
            "duration_minutes": 60,
            "currency": "KWD",
            "base_price": "24.00",
            "discount_price": null,
            "is_for_male": false,
            "is_for_female": true,
            "ideal_for": "",
            "ideal_for_en": null,
            "ideal_for_ar": null,
            "benefits": [],
            "session_benefits": null,
            "session_benefits_en": null,
            "session_benefits_ar": null,
            "spa_center": "50003e65-fe48-4246-80f5-3208ef10cc2c",
            "is_eligible_for_loyalty": true,
            "booking_count": 0,
            "is_active": true,
            "sort_order": 0,
            "created_at": "2026-04-02T06:55:17.525Z",
            "updated_at": "2026-04-02T06:55:17.525Z",
            "add_on_services": []
        }
    },
    {
        "model": "spacenter.service",
        "pk": "b7df4917-772f-42b4-895a-55e5bf596ce2",
        "fields": {
            "name": "STRESS RELES MASSAGE",
            "name_en": "STRESS RELES MASSAGE",
            "name_ar": "مساج استريس رسليس",
            "description": "It is a massage that relieves stress and anxiety by reducing the stress hormone and\r\nincreasing the happiness hormone, which helps improve mood and reduces feelings\r\nof tension and anxiety",
            "description_en": "It is a massage that relieves stress and anxiety by reducing the stress hormone and\r\nincreasing the happiness hormone, which helps improve mood and reduces feelings\r\nof tension and anxiety",
            "description_ar": "هو مساج إزالة التوتر والقلق عن طريق خفض هرمون التوتر وزيادة هرمون السعادة مما يساعد\r\nعلى تعديل المزاج ويقلل من الشعور بالتوتر والقلق",
            "specialty": "434e9efc-38e7-4ad4-9b9b-84991645a8b8",
            "country": "49feecf3-d3a1-4128-a2b7-cec4b979d473",
            "city": "fb3cb9f4-5a85-46f2-8edf-2ff5dac19fee",
            "duration_minutes": 60,
            "currency": "KWD",
            "base_price": "24.00",
            "discount_price": null,
            "is_for_male": false,
            "is_for_female": true,
            "ideal_for": "",
            "ideal_for_en": null,
            "ideal_for_ar": null,
            "benefits": [],
            "session_benefits": null,
            "session_benefits_en": null,
            "session_benefits_ar": null,
            "spa_center": "50003e65-fe48-4246-80f5-3208ef10cc2c",
            "is_eligible_for_loyalty": true,
            "booking_count": 0,
            "is_active": true,
            "sort_order": 0,
            "created_at": "2026-04-02T06:58:38.134Z",
            "updated_at": "2026-04-02T06:58:38.134Z",
            "add_on_services": []
        }
    },
    {
        "model": "spacenter.service",
        "pk": "be1e6033-389f-4116-bdf1-f560360fa12d",
        "fields": {
            "name": "WOODEN LYMPHATIC MASSAGE (SLIMMING MASSAGE)",
            "name_en": "WOODEN LYMPHATIC MASSAGE (SLIMMING MASSAGE)",
            "name_ar": "المساج اللمفاوي بالاخشاب ( مساج التخسيس )",
            "description": "Stimulates blood and lymphatic circulation.\r\nHelps the body eliminate toxins and retained fluids.\r\nReduces bloating, leaving a feeling of lightness & comfort.\r\nFirms the skin, leaving it soft and radiant.\r\nRelieves stress and provides deep relaxation.",
            "description_en": "Stimulates blood and lymphatic circulation.\r\nHelps the body eliminate toxins and retained fluids.\r\nReduces bloating, leaving a feeling of lightness & comfort.\r\nFirms the skin, leaving it soft and radiant.\r\nRelieves stress and provides deep relaxation.",
            "description_ar": "يحفز الدورة الدموية واللمفاوية ، يساعد الجسم يتخلص من السموم والسوائل المحتبسـة ، يقلل الانتفاخ ويعطي إحساس بالخفــــة والراحة ، يشد البشرة ويتركها ناعمة ومشرقة ، يخفف التوتر ويمنح استرخاء عميق",
            "specialty": "434e9efc-38e7-4ad4-9b9b-84991645a8b8",
            "country": "49feecf3-d3a1-4128-a2b7-cec4b979d473",
            "city": "ef783d8b-6e9b-4eee-90aa-db94e9ccbf56",
            "duration_minutes": 60,
            "currency": "KWD",
            "base_price": "25.00",
            "discount_price": null,
            "is_for_male": false,
            "is_for_female": true,
            "ideal_for": "",
            "ideal_for_en": null,
            "ideal_for_ar": null,
            "benefits": [],
            "session_benefits": null,
            "session_benefits_en": null,
            "session_benefits_ar": null,
            "spa_center": "f4b3d0ef-f1b9-4e1f-a923-bca636f6fa50",
            "is_eligible_for_loyalty": true,
            "booking_count": 0,
            "is_active": true,
            "sort_order": 2,
            "created_at": "2026-04-02T05:33:22.928Z",
            "updated_at": "2026-04-02T05:55:43.229Z",
            "add_on_services": []
        }
    },
    {
        "model": "spacenter.service",
        "pk": "d1461964-2d05-4afe-9439-d6b44bf6fc3e",
        "fields": {
            "name": "EAR CANDLING",
            "name_en": "EAR CANDLING",
            "name_ar": "شمع الاذن بالشمع الحراري",
            "description": "Earwax Removal\r\nHearing Improvement\r\nRelief of Ear Pressure or Blockage\r\nHeadache or Stress Relief",
            "description_en": "Earwax Removal\r\nHearing Improvement\r\nRelief of Ear Pressure or Blockage\r\nHeadache or Stress Relief",
            "description_ar": "إزالــــــــــــــــة شمـــــــــــــــع الاذن\r\nتحسيـــــــــــــن السمــــــــــــــــــع\r\nتخفيف الضغط أو انسداد الاذن\r\nتهدئة الصـــــــــداع أو التــــــــــوتر",
            "specialty": "31a8acff-efc6-4490-b9c0-9e544bd1a0a1",
            "country": "49feecf3-d3a1-4128-a2b7-cec4b979d473",
            "city": "fb3cb9f4-5a85-46f2-8edf-2ff5dac19fee",
            "duration_minutes": 10,
            "currency": "KWD",
            "base_price": "5.00",
            "discount_price": null,
            "is_for_male": false,
            "is_for_female": true,
            "ideal_for": "",
            "ideal_for_en": null,
            "ideal_for_ar": null,
            "benefits": [],
            "session_benefits": null,
            "session_benefits_en": null,
            "session_benefits_ar": null,
            "spa_center": "50003e65-fe48-4246-80f5-3208ef10cc2c",
            "is_eligible_for_loyalty": true,
            "booking_count": 0,
            "is_active": true,
            "sort_order": 0,
            "created_at": "2026-04-02T07:17:17.518Z",
            "updated_at": "2026-04-02T11:24:35.907Z",
            "add_on_services": []
        }
    },
    {
        "model": "spacenter.service",
        "pk": "d31dc791-3774-4a92-816b-9888f4995daf",
        "fields": {
            "name": "KASAT HWA",
            "name_en": "KASAT HWA",
            "name_ar": "كاســــات الهوا",
            "description": "Also known as dry cupping, this is an ancient therapeutic technique that uses special\r\ncups placed on the skin to stimulate blood circulation & naturally promote overall\r\nhealth. This method helps to: Improve blood flow, Relieve muscle pain, and Support\r\nthe body’s natural healing process.",
            "description_en": "Also known as dry cupping, this is an ancient therapeutic technique that uses special\r\ncups placed on the skin to stimulate blood circulation & naturally promote overall\r\nhealth. This method helps to: Improve blood flow, Relieve muscle pain, and Support\r\nthe body’s natural healing process.",
            "description_ar": "ً المعروف أيضا باسم الحجامة الجافة، هو أسلوب علاجي قديم يستخدم كاسات مخصصة على الجلد لتحفيز\r\nالدورة الدموية وتعزيز صحة الجسم بشكل طبيعي وتساعد هذه التقنية على: تحسين تدفق الدم، تخفيف\r\nالالام العضلية وتعزيز الشفاء الطبيعي للجسم",
            "specialty": "4df7e42f-c08f-4d75-9a33-bbcc00279f08",
            "country": "49feecf3-d3a1-4128-a2b7-cec4b979d473",
            "city": "fb3cb9f4-5a85-46f2-8edf-2ff5dac19fee",
            "duration_minutes": 30,
            "currency": "KWD",
            "base_price": "8.00",
            "discount_price": null,
            "is_for_male": false,
            "is_for_female": true,
            "ideal_for": "",
            "ideal_for_en": null,
            "ideal_for_ar": null,
            "benefits": [],
            "session_benefits": null,
            "session_benefits_en": null,
            "session_benefits_ar": null,
            "spa_center": "50003e65-fe48-4246-80f5-3208ef10cc2c",
            "is_eligible_for_loyalty": true,
            "booking_count": 0,
            "is_active": true,
            "sort_order": 0,
            "created_at": "2026-04-02T07:15:24.022Z",
            "updated_at": "2026-04-02T07:15:24.022Z",
            "add_on_services": []
        }
    },
    {
        "model": "spacenter.service",
        "pk": "d6e4aee4-7d05-4d70-97dc-882b0e37fe74",
        "fields": {
            "name": "HOT STONE MASSAGE",
            "name_en": "HOT STONE MASSAGE",
            "name_ar": "مساج الصخور البركانية",
            "description": "It helps relieve pain and fatigue, warm up and relax the muscles, which enhances",
            "description_en": "It helps relieve pain and fatigue, warm up and relax the muscles, which enhances",
            "description_ar": "يعمل على تخفيف الالم والارهاق وتدفئة العضلات وإرخائها، مما يعمل على زيادة استـــرخاء",
            "specialty": "434e9efc-38e7-4ad4-9b9b-84991645a8b8",
            "country": "49feecf3-d3a1-4128-a2b7-cec4b979d473",
            "city": "ef783d8b-6e9b-4eee-90aa-db94e9ccbf56",
            "duration_minutes": 60,
            "currency": "KWD",
            "base_price": "25.00",
            "discount_price": null,
            "is_for_male": false,
            "is_for_female": true,
            "ideal_for": "",
            "ideal_for_en": null,
            "ideal_for_ar": null,
            "benefits": [],
            "session_benefits": null,
            "session_benefits_en": null,
            "session_benefits_ar": null,
            "spa_center": "f4b3d0ef-f1b9-4e1f-a923-bca636f6fa50",
            "is_eligible_for_loyalty": true,
            "booking_count": 0,
            "is_active": true,
            "sort_order": 10,
            "created_at": "2026-04-02T06:19:25.493Z",
            "updated_at": "2026-04-02T07:42:39.607Z",
            "add_on_services": []
        }
    },
    {
        "model": "spacenter.service",
        "pk": "d8055f90-ce9b-4fda-b3a1-64c74485cb83",
        "fields": {
            "name": "AFTER DELIVERY MASSAGE",
            "name_en": "AFTER DELIVERY MASSAGE",
            "name_ar": "مســــــاج ما بعــــــد الــــــولادة",
            "description": "This massage is designed specifically for women after childbirth, and it helps with:\r\nRestoring the uterus to its natural position after delivery.\r\nRelieving back and abdominal pain caused by pregnancy and childbirth.\r\nPromoting overall relaxation and restoring energy after the pregnancy period",
            "description_en": "This massage is designed specifically for women after childbirth, and it helps with:\r\nRestoring the uterus to its natural position after delivery.\r\nRelieving back and abdominal pain caused by pregnancy and childbirth.\r\nPromoting overall relaxation and restoring energy after the pregnancy period",
            "description_ar": "هذا المســــاج مخصص للنســـاء بعد الولادة، ويســــاعد على\r\nإعــــــادة الرحــــــم لوضعـــــــــه الطبيعـــــــــــي بعــــــــــــد الولادة\r\nتخفيـــف آلام الظهــر والبطــن النـــــــــــاتجة عن الحمــل والولادة\r\nتعـــزيز الاسترخـــاء العـــام وتجديد الطـــــــــاقة بعد فترة الحمـل",
            "specialty": "434e9efc-38e7-4ad4-9b9b-84991645a8b8",
            "country": "49feecf3-d3a1-4128-a2b7-cec4b979d473",
            "city": "fb3cb9f4-5a85-46f2-8edf-2ff5dac19fee",
            "duration_minutes": 60,
            "currency": "KWD",
            "base_price": "24.00",
            "discount_price": null,
            "is_for_male": false,
            "is_for_female": true,
            "ideal_for": "",
            "ideal_for_en": null,
            "ideal_for_ar": null,
            "benefits": [],
            "session_benefits": null,
            "session_benefits_en": null,
            "session_benefits_ar": null,
            "spa_center": "50003e65-fe48-4246-80f5-3208ef10cc2c",
            "is_eligible_for_loyalty": true,
            "booking_count": 0,
            "is_active": true,
            "sort_order": 0,
            "created_at": "2026-04-02T07:04:24.121Z",
            "updated_at": "2026-04-09T10:16:33.226Z",
            "add_on_services": []
        }
    },
    {
        "model": "spacenter.service",
        "pk": "e370689d-0a3f-4650-997b-24d40e73c005",
        "fields": {
            "name": "PREGNANT MASSAGE",
            "name_en": "PREGNANT MASSAGE",
            "name_ar": "مساج الحامل",
            "description": "This massage caters to the needs of women during pregnancy, providing comfort\r\nand relaxation, relieving pain, improving blood circulation, and reducing swelling\r\nand foot edema",
            "description_en": "This massage caters to the needs of women during pregnancy, providing comfort\r\nand relaxation, relieving pain, improving blood circulation, and reducing swelling\r\nand foot edema",
            "description_ar": "المساج الذي يلبي احتياجات المرأة أثناء فترة الحمل يعمل على توفير الراحة والاسترخاء وتخفيف\r\nالام وتحسين الدورة الدموية وتخفيف انتفاخات وتورم القدم",
            "specialty": "434e9efc-38e7-4ad4-9b9b-84991645a8b8",
            "country": "49feecf3-d3a1-4128-a2b7-cec4b979d473",
            "city": "ef783d8b-6e9b-4eee-90aa-db94e9ccbf56",
            "duration_minutes": 60,
            "currency": "KWD",
            "base_price": "24.00",
            "discount_price": null,
            "is_for_male": false,
            "is_for_female": true,
            "ideal_for": "",
            "ideal_for_en": null,
            "ideal_for_ar": null,
            "benefits": [],
            "session_benefits": null,
            "session_benefits_en": null,
            "session_benefits_ar": null,
            "spa_center": "f4b3d0ef-f1b9-4e1f-a923-bca636f6fa50",
            "is_eligible_for_loyalty": true,
            "booking_count": 0,
            "is_active": true,
            "sort_order": 5,
            "created_at": "2026-04-02T06:04:39.497Z",
            "updated_at": "2026-04-02T06:04:46.788Z",
            "add_on_services": []
        }
    },
    {
        "model": "spacenter.service",
        "pk": "e47e5601-347e-4b5a-af7d-89cf4a83b12e",
        "fields": {
            "name": "STRESS RELES MASSAGE",
            "name_en": "STRESS RELES MASSAGE",
            "name_ar": "مساج استريس ريليس",
            "description": "It is a massage that relieves stress and anxiety by reducing the stress hormone and\r\nincreasing the happiness hormone, which helps improve mood and reduces feelings\r\nof tension and anxiety",
            "description_en": "It is a massage that relieves stress and anxiety by reducing the stress hormone and\r\nincreasing the happiness hormone, which helps improve mood and reduces feelings\r\nof tension and anxiety",
            "description_ar": "هو مساج إزالة التوتر والقلق عن طريق خفض هرمون التوتر وزيادة هرمون السعادة مما يساعد\r\nعلى تعديل المزاج ويقلل من الشعور بالتوتر والقلق",
            "specialty": "434e9efc-38e7-4ad4-9b9b-84991645a8b8",
            "country": "49feecf3-d3a1-4128-a2b7-cec4b979d473",
            "city": "ef783d8b-6e9b-4eee-90aa-db94e9ccbf56",
            "duration_minutes": 60,
            "currency": "KWD",
            "base_price": "24.00",
            "discount_price": null,
            "is_for_male": false,
            "is_for_female": true,
            "ideal_for": "",
            "ideal_for_en": null,
            "ideal_for_ar": null,
            "benefits": [],
            "session_benefits": null,
            "session_benefits_en": null,
            "session_benefits_ar": null,
            "spa_center": "f4b3d0ef-f1b9-4e1f-a923-bca636f6fa50",
            "is_eligible_for_loyalty": true,
            "booking_count": 0,
            "is_active": true,
            "sort_order": 4,
            "created_at": "2026-04-02T06:02:19.079Z",
            "updated_at": "2026-04-02T07:42:04.960Z",
            "add_on_services": []
        }
    },
    {
        "model": "spacenter.service",
        "pk": "f4297dbf-c297-4eb0-98a7-b52524859067",
        "fields": {
            "name": "WOODEN LYMPHATIC MASSAGE (SLIMMING MASSAGE)",
            "name_en": "WOODEN LYMPHATIC MASSAGE (SLIMMING MASSAGE)",
            "name_ar": "المساج اللمفاوي بالاخشاب ( مساج التخسيس )",
            "description": "Stimulates blood and lymphatic circulation.\r\nHelps the body eliminate toxins and retained fluids.\r\nReduces bloating, leaving a feeling of lightness & comfort.\r\nFirms the skin, leaving it soft and radiant.\r\nRelieves stress and provides deep relaxation.",
            "description_en": "Stimulates blood and lymphatic circulation.\r\nHelps the body eliminate toxins and retained fluids.\r\nReduces bloating, leaving a feeling of lightness & comfort.\r\nFirms the skin, leaving it soft and radiant.\r\nRelieves stress and provides deep relaxation.",
            "description_ar": "يحفز الدورة الدموية واللمفاوية ، يساعد الجسم يتخلص من السموم والسوائل المحتبسـة ، يقلل الانتفاخ ويعطي إحساس بالخفــــة والراحة ، يشد البشرة ويتركها ناعمة ومشرقة ، يخفف التوتر ويمنح استرخاء عميق",
            "specialty": "434e9efc-38e7-4ad4-9b9b-84991645a8b8",
            "country": "49feecf3-d3a1-4128-a2b7-cec4b979d473",
            "city": "fb3cb9f4-5a85-46f2-8edf-2ff5dac19fee",
            "duration_minutes": 60,
            "currency": "KWD",
            "base_price": "25.00",
            "discount_price": null,
            "is_for_male": false,
            "is_for_female": true,
            "ideal_for": "",
            "ideal_for_en": null,
            "ideal_for_ar": null,
            "benefits": [],
            "session_benefits": null,
            "session_benefits_en": null,
            "session_benefits_ar": null,
            "spa_center": "50003e65-fe48-4246-80f5-3208ef10cc2c",
            "is_eligible_for_loyalty": true,
            "booking_count": 0,
            "is_active": true,
            "sort_order": 1,
            "created_at": "2026-04-02T06:52:30.037Z",
            "updated_at": "2026-04-02T06:52:30.037Z",
            "add_on_services": []
        }
    },
    {
        "model": "spacenter.service",
        "pk": "f8b6a783-4ced-4071-9755-bab6f320a727",
        "fields": {
            "name": "HOT STONE MASSAGE",
            "name_en": "HOT STONE MASSAGE",
            "name_ar": "مساج الصخور البركانية",
            "description": "It helps relieve pain and fatigue, warm up and relax the muscles, which enhances",
            "description_en": "It helps relieve pain and fatigue, warm up and relax the muscles, which enhances",
            "description_ar": "يعمل على تخفيف الالم والارهاق وتدفئة العضلات وإرخائها، مما يعمل على زيادة استـــرخاء",
            "specialty": "434e9efc-38e7-4ad4-9b9b-84991645a8b8",
            "country": "49feecf3-d3a1-4128-a2b7-cec4b979d473",
            "city": "fb3cb9f4-5a85-46f2-8edf-2ff5dac19fee",
            "duration_minutes": 60,
            "currency": "KWD",
            "base_price": "25.00",
            "discount_price": null,
            "is_for_male": false,
            "is_for_female": true,
            "ideal_for": "",
            "ideal_for_en": null,
            "ideal_for_ar": null,
            "benefits": [],
            "session_benefits": null,
            "session_benefits_en": null,
            "session_benefits_ar": null,
            "spa_center": "50003e65-fe48-4246-80f5-3208ef10cc2c",
            "is_eligible_for_loyalty": true,
            "booking_count": 0,
            "is_active": true,
            "sort_order": 0,
            "created_at": "2026-04-02T07:11:14.535Z",
            "updated_at": "2026-04-02T07:11:14.535Z",
            "add_on_services": []
        }
    },
    {
        "model": "spacenter.serviceimage",
        "pk": "0430c483-c60b-4fa7-9244-3905a62d165a",
        "fields": {
            "service": "2adcd096-b9ee-4738-8122-b68df6f4084b",
            "image": "services/images/USH_JACUZZI.jpeg",
            "alt_text": "",
            "is_primary": true,
            "sort_order": 0,
            "created_at": "2026-04-02T06:38:09.987Z"
        }
    },
    {
        "model": "spacenter.serviceimage",
        "pk": "0526a33f-85ae-4545-bd34-828b0f7717ba",
        "fields": {
            "service": "9ce805da-74fa-4f9e-891f-bf39b6d7254c",
            "image": "services/images/royal_massage.jpeg",
            "alt_text": "",
            "is_primary": true,
            "sort_order": 0,
            "created_at": "2026-04-02T06:11:56.386Z"
        }
    },
    {
        "model": "spacenter.serviceimage",
        "pk": "07b45136-8928-4e0f-89c3-20dd7c58113f",
        "fields": {
            "service": "9d00135f-a512-4381-aa65-6541c0480839",
            "image": "services/images/THAI_MASSAGE_aMllRlz.jpeg",
            "alt_text": "",
            "is_primary": true,
            "sort_order": 0,
            "created_at": "2026-04-02T07:05:56.288Z"
        }
    },
    {
        "model": "spacenter.serviceimage",
        "pk": "0f84ab8d-d619-49ee-9024-7789c9f6b682",
        "fields": {
            "service": "0fb870dc-dc9e-43ac-be11-1ec2c2813d91",
            "image": "services/images/USH_SAUNA.jpeg",
            "alt_text": "",
            "is_primary": true,
            "sort_order": 0,
            "created_at": "2026-04-02T06:40:11.383Z"
        }
    },
    {
        "model": "spacenter.serviceimage",
        "pk": "1dd36658-7b28-4191-a0a5-67c1a3d3908b",
        "fields": {
            "service": "96967532-9af9-4821-82b6-fadb2bb61420",
            "image": "services/images/EAR_CANDLING.PNG",
            "alt_text": "",
            "is_primary": true,
            "sort_order": 0,
            "created_at": "2026-04-02T06:33:45.890Z"
        }
    },
    {
        "model": "spacenter.serviceimage",
        "pk": "22166dfe-80a6-49bb-9acd-abd7d422391d",
        "fields": {
            "service": "b7df4917-772f-42b4-895a-55e5bf596ce2",
            "image": "services/images/THAI_MASSAGE.jpeg",
            "alt_text": "",
            "is_primary": true,
            "sort_order": 0,
            "created_at": "2026-04-02T06:58:38.139Z"
        }
    },
    {
        "model": "spacenter.serviceimage",
        "pk": "23a064aa-b0fe-4d7e-91bb-393e4d3879f4",
        "fields": {
            "service": "d31dc791-3774-4a92-816b-9888f4995daf",
            "image": "services/images/KASAT_HWA.jpeg",
            "alt_text": "",
            "is_primary": true,
            "sort_order": 0,
            "created_at": "2026-04-02T07:15:24.025Z"
        }
    },
    {
        "model": "spacenter.serviceimage",
        "pk": "254f2c6b-0eba-433f-b87e-9c2264218ada",
        "fields": {
            "service": "8034529f-9b4a-46e6-b1b9-12f7f120d4ef",
            "image": "services/images/FOOT_MASSAGE_lYSq0R0.jpeg",
            "alt_text": "",
            "is_primary": true,
            "sort_order": 0,
            "created_at": "2026-04-02T05:30:32.850Z"
        }
    },
    {
        "model": "spacenter.serviceimage",
        "pk": "2910ba5f-28f2-496e-b6c5-c88f2cffe4ba",
        "fields": {
            "service": "2f6133f6-a92d-44c6-bd8d-096eb7a8b008",
            "image": "services/images/THERAPY_MASSAGE.jpeg",
            "alt_text": "",
            "is_primary": true,
            "sort_order": 0,
            "created_at": "2026-04-02T05:38:33.221Z"
        }
    },
    {
        "model": "spacenter.serviceimage",
        "pk": "2cb0dcc2-8545-496a-b6e9-2df7fbdb634b",
        "fields": {
            "service": "9c33caf5-d711-405f-b4d6-fd192c2c271b",
            "image": "services/images/THAI_MASSAGE.jpeg",
            "alt_text": "",
            "is_primary": true,
            "sort_order": 0,
            "created_at": "2026-04-02T06:14:21.643Z"
        }
    },
    {
        "model": "spacenter.serviceimage",
        "pk": "2e48e9a7-8857-42f9-9e87-d3e0d0c60acd",
        "fields": {
            "service": "d8055f90-ce9b-4fda-b3a1-64c74485cb83",
            "image": "services/images/AFTER_DELIVERY_MASSAGE.jpeg",
            "alt_text": "",
            "is_primary": true,
            "sort_order": 0,
            "created_at": "2026-04-02T07:04:24.131Z"
        }
    },
    {
        "model": "spacenter.serviceimage",
        "pk": "42fa7d32-cab0-4bd4-a4a5-8b3d873b2609",
        "fields": {
            "service": "4622ac08-60d1-4f07-b7b5-b68b33be8cbe",
            "image": "services/images/ROYAL_PACKAGE.jpeg",
            "alt_text": "",
            "is_primary": true,
            "sort_order": 0,
            "created_at": "2026-04-02T07:31:01.238Z"
        }
    },
    {
        "model": "spacenter.serviceimage",
        "pk": "4eb19628-3cc0-4ecc-a5a1-f163741102aa",
        "fields": {
            "service": "30145ca8-e645-4a51-9fc3-b1f98691a5c9",
            "image": "services/images/PAMPERING_PACKAGE.jpeg",
            "alt_text": "",
            "is_primary": true,
            "sort_order": 0,
            "created_at": "2026-04-02T07:35:18.322Z"
        }
    },
    {
        "model": "spacenter.serviceimage",
        "pk": "4f19a673-cf2a-4f97-8290-0ca9fd078004",
        "fields": {
            "service": "e47e5601-347e-4b5a-af7d-89cf4a83b12e",
            "image": "services/images/THAI_MASSAGE_v9YnoQz.jpeg",
            "alt_text": "",
            "is_primary": true,
            "sort_order": 0,
            "created_at": "2026-04-02T06:02:19.083Z"
        }
    },
    {
        "model": "spacenter.serviceimage",
        "pk": "5ab90291-7dfa-4e60-a478-416a0e0a89b5",
        "fields": {
            "service": "027729f9-fd7a-41f5-af1f-7fe38d2209ec",
            "image": "services/images/PREGNANT_MASSAGE.jpeg",
            "alt_text": "",
            "is_primary": true,
            "sort_order": 0,
            "created_at": "2026-04-02T07:00:30.581Z"
        }
    },
    {
        "model": "spacenter.serviceimage",
        "pk": "61341e5f-2b55-4e75-83c9-3f3c035e40e5",
        "fields": {
            "service": "d1461964-2d05-4afe-9439-d6b44bf6fc3e",
            "image": "services/images/EAR_CANDLING.PNG",
            "alt_text": "",
            "is_primary": true,
            "sort_order": 0,
            "created_at": "2026-04-02T07:17:17.526Z"
        }
    },
    {
        "model": "spacenter.serviceimage",
        "pk": "76b50653-a577-40cc-9011-a0f81d5d5345",
        "fields": {
            "service": "23c1d373-142e-4c64-b05f-1ed5105bac39",
            "image": "services/images/GOLDEN_MOROCCAN_PACKAGE.jpeg",
            "alt_text": "",
            "is_primary": true,
            "sort_order": 0,
            "created_at": "2026-04-02T07:33:07.963Z"
        }
    },
    {
        "model": "spacenter.serviceimage",
        "pk": "7915e80d-c77a-4f0f-86b2-d609a95b170f",
        "fields": {
            "service": "6f5d3a2b-b05c-453d-afb3-49cfa9123aab",
            "image": "services/images/royal_massage.jpeg",
            "alt_text": "",
            "is_primary": true,
            "sort_order": 0,
            "created_at": "2026-04-02T07:39:22.091Z"
        }
    },
    {
        "model": "spacenter.serviceimage",
        "pk": "7d73af68-b317-4303-9b84-abaca7abeb8e",
        "fields": {
            "service": "d6e4aee4-7d05-4d70-97dc-882b0e37fe74",
            "image": "services/images/HOT_STONE_MASSAGE.PNG",
            "alt_text": "",
            "is_primary": true,
            "sort_order": 0,
            "created_at": "2026-04-02T06:19:25.498Z"
        }
    },
    {
        "model": "spacenter.serviceimage",
        "pk": "839fa7c2-9ca9-4ffd-9493-abe427a186b4",
        "fields": {
            "service": "e370689d-0a3f-4650-997b-24d40e73c005",
            "image": "services/images/PREGNANT_MASSAGE.jpeg",
            "alt_text": "",
            "is_primary": true,
            "sort_order": 0,
            "created_at": "2026-04-02T06:04:39.501Z"
        }
    },
    {
        "model": "spacenter.serviceimage",
        "pk": "8eddf771-67d6-44fd-82ae-6bb1fb67900b",
        "fields": {
            "service": "8d1d474d-b920-4a02-a358-8f08d9d992c1",
            "image": "services/images/LIGHT_LUXURY_PACKAGE.jpeg",
            "alt_text": "",
            "is_primary": true,
            "sort_order": 0,
            "created_at": "2026-04-02T07:37:22.790Z"
        }
    },
    {
        "model": "spacenter.serviceimage",
        "pk": "97a2f166-8e9e-4684-b3fc-4f7d0e2bd00f",
        "fields": {
            "service": "8a315805-ec7d-44b4-adba-b9eb0d569a87",
            "image": "services/images/FOOT_MASSAGE.jpeg",
            "alt_text": "",
            "is_primary": true,
            "sort_order": 0,
            "created_at": "2026-04-02T06:50:28.283Z"
        }
    },
    {
        "model": "spacenter.serviceimage",
        "pk": "9ffc2af1-5908-4b92-8ab0-74384508d2e7",
        "fields": {
            "service": "88e68919-74ee-45eb-a07b-a3a483fa83b0",
            "image": "services/images/SWEIDISH_MASSAGE.jpeg",
            "alt_text": "",
            "is_primary": true,
            "sort_order": 0,
            "created_at": "2026-04-02T07:02:20.682Z"
        }
    },
    {
        "model": "spacenter.serviceimage",
        "pk": "a02e6723-2d78-40e8-9096-278e0c6d8bd6",
        "fields": {
            "service": "66701866-4f73-4a3f-8c6d-e0bed1b15d9f",
            "image": "services/images/KASAT_HWA.jpeg",
            "alt_text": "",
            "is_primary": true,
            "sort_order": 0,
            "created_at": "2026-04-02T06:30:26.593Z"
        }
    },
    {
        "model": "spacenter.serviceimage",
        "pk": "ac2f7adf-d989-49e2-95e5-34e75dde23dc",
        "fields": {
            "service": "be1e6033-389f-4116-bdf1-f560360fa12d",
            "image": "services/images/WOODEN_LYMPHATIC_MASSAGE_SLIMMING_MASSAGE.PNG",
            "alt_text": "",
            "is_primary": true,
            "sort_order": 0,
            "created_at": "2026-04-02T05:33:22.934Z"
        }
    },
    {
        "model": "spacenter.serviceimage",
        "pk": "afc41d69-85ce-4596-878b-1db579d7512c",
        "fields": {
            "service": "f8b6a783-4ced-4071-9755-bab6f320a727",
            "image": "services/images/HOT_STONE_MASSAGE.PNG",
            "alt_text": "",
            "is_primary": true,
            "sort_order": 0,
            "created_at": "2026-04-02T07:11:14.540Z"
        }
    },
    {
        "model": "spacenter.serviceimage",
        "pk": "bd6040e0-987c-4072-9402-56fa89876e95",
        "fields": {
            "service": "02f857bb-0536-4958-9c68-3d134be875cd",
            "image": "services/images/HERBEL_MASSAGE.jpeg",
            "alt_text": "",
            "is_primary": true,
            "sort_order": 0,
            "created_at": "2026-04-02T07:07:37.741Z"
        }
    },
    {
        "model": "spacenter.serviceimage",
        "pk": "d124e551-7381-4021-bf69-a9a49d7ea4ae",
        "fields": {
            "service": "35f49daf-5b5c-49f8-99b8-096f0584d34e",
            "image": "services/images/Moroccan_bath_USH.jpeg",
            "alt_text": "",
            "is_primary": true,
            "sort_order": 0,
            "created_at": "2026-04-02T07:23:54.468Z"
        }
    },
    {
        "model": "spacenter.serviceimage",
        "pk": "d2c5189b-cb74-46ae-aaad-e497bd8021de",
        "fields": {
            "service": "417d6d2b-86ac-4e36-87a0-74085554a5ec",
            "image": "services/images/USH_SAUNA.jpeg",
            "alt_text": "",
            "is_primary": true,
            "sort_order": 0,
            "created_at": "2026-04-02T07:21:28.440Z"
        }
    },
    {
        "model": "spacenter.serviceimage",
        "pk": "d57ac7e4-f06a-4bff-bcae-f6146576f6b1",
        "fields": {
            "service": "a85872b7-5503-47e5-b152-b04def5a9329",
            "image": "services/images/THERAPY_MASSAGE.jpeg",
            "alt_text": "",
            "is_primary": true,
            "sort_order": 0,
            "created_at": "2026-04-02T06:55:17.530Z"
        }
    },
    {
        "model": "spacenter.serviceimage",
        "pk": "d8b1d8f4-c44c-463f-81bb-eb90f38f0d17",
        "fields": {
            "service": "723f9de5-5526-40dd-a0b2-00c326c649e8",
            "image": "services/images/SWEIDISH_MASSAGE.jpeg",
            "alt_text": "",
            "is_primary": true,
            "sort_order": 0,
            "created_at": "2026-04-02T06:09:31.194Z"
        }
    },
    {
        "model": "spacenter.serviceimage",
        "pk": "e120f82b-6404-410f-904e-05bcae21acea",
        "fields": {
            "service": "8794ba27-d27b-47aa-b27a-a09126c66ff2",
            "image": "services/images/USH_JACUZZI.jpeg",
            "alt_text": "",
            "is_primary": true,
            "sort_order": 0,
            "created_at": "2026-04-02T07:19:39.764Z"
        }
    },
    {
        "model": "spacenter.serviceimage",
        "pk": "eec2c2b3-6edb-4486-b093-8c4c13cb54f9",
        "fields": {
            "service": "f4297dbf-c297-4eb0-98a7-b52524859067",
            "image": "services/images/WOODEN_LYMPHATIC_MASSAGE_SLIMMING_MASSAGE.PNG",
            "alt_text": "",
            "is_primary": true,
            "sort_order": 0,
            "created_at": "2026-04-02T06:52:30.044Z"
        }
    },
    {
        "model": "spacenter.serviceimage",
        "pk": "f9aed4aa-7775-4657-8048-bb4e11c9be4c",
        "fields": {
            "service": "6e1a42e8-e81d-4689-82dc-f84caa9c3f2f",
            "image": "services/images/JAPANESE_HAIR_DETOX.jpeg",
            "alt_text": "",
            "is_primary": true,
            "sort_order": 0,
            "created_at": "2026-04-01T11:46:50.800Z"
        }
    },
    {
        "model": "spacenter.serviceimage",
        "pk": "f9afbc86-41c7-46f8-86ab-2d7705a78334",
        "fields": {
            "service": "a66994f4-8ab4-41ae-81f7-fc41529741bb",
            "image": "services/images/HERBEL_MASSAGE.jpeg",
            "alt_text": "",
            "is_primary": true,
            "sort_order": 0,
            "created_at": "2026-04-02T06:17:14.657Z"
        }
    },
    {
        "model": "spacenter.productcategory",
        "pk": "0f5fe983-a3d9-4193-9aff-4e0fde8479c8",
        "fields": {
            "name": "Hair Care",
            "name_en": "Hair Care",
            "name_ar": "العناية بالشعر",
            "description": "Premium hair care and scalp treatment products.",
            "description_en": "Premium hair care and scalp treatment products.",
            "description_ar": "منتجات فاخرة للعناية بالشعر وعلاج فروة الرأس.",
            "is_active": true,
            "sort_order": 0,
            "created_at": "2026-04-01T08:07:20.257Z",
            "updated_at": "2026-04-01T08:07:20.257Z"
        }
    },
    {
        "model": "spacenter.productcategory",
        "pk": "23dc6121-ce53-4cb7-a8d6-40c533d27895",
        "fields": {
            "name": "Body Care",
            "name_en": "Body Care",
            "name_ar": "العناية بالجسم",
            "description": "Lotions, oils, and body treatment products.",
            "description_en": "Lotions, oils, and body treatment products.",
            "description_ar": "لوشن وزيوت ومنتجات العناية بالجسم.",
            "is_active": true,
            "sort_order": 0,
            "created_at": "2026-04-01T08:07:20.248Z",
            "updated_at": "2026-04-01T08:07:20.248Z"
        }
    },
    {
        "model": "spacenter.productcategory",
        "pk": "897c8844-2ac1-4603-9511-e9822d7772fc",
        "fields": {
            "name": "Wellness",
            "name_en": "Wellness",
            "name_ar": "العافية",
            "description": "Health supplements, teas, and wellness accessories.",
            "description_en": "Health supplements, teas, and wellness accessories.",
            "description_ar": "مكملات صحية وشاي وإكسسوارات العافية.",
            "is_active": true,
            "sort_order": 0,
            "created_at": "2026-04-01T08:07:20.262Z",
            "updated_at": "2026-04-01T08:07:20.262Z"
        }
    },
    {
        "model": "spacenter.productcategory",
        "pk": "987acc75-72c8-4d27-802a-62a6d672f4ef",
        "fields": {
            "name": "Skincare",
            "name_en": "Skincare",
            "name_ar": "العناية بالبشرة",
            "description": "Professional skincare products for face and body.",
            "description_en": "Professional skincare products for face and body.",
            "description_ar": "منتجات احترافية للعناية بالبشرة للوجه والجسم.",
            "is_active": true,
            "sort_order": 0,
            "created_at": "2026-04-01T08:07:20.240Z",
            "updated_at": "2026-04-01T08:07:20.240Z"
        }
    },
    {
        "model": "spacenter.productcategory",
        "pk": "f97bef9a-04e8-4d18-afb3-3ceb282e8587",
        "fields": {
            "name": "Aromatherapy",
            "name_en": "Aromatherapy",
            "name_ar": "العلاج بالروائح",
            "description": "Essential oils, diffusers, and aromatherapy accessories.",
            "description_en": "Essential oils, diffusers, and aromatherapy accessories.",
            "description_ar": "زيوت عطرية وموزعات وإكسسوارات العلاج بالروائح.",
            "is_active": true,
            "sort_order": 0,
            "created_at": "2026-04-01T08:07:20.253Z",
            "updated_at": "2026-04-01T08:07:20.253Z"
        }
    },
    {
        "model": "spacenter.baseproduct",
        "pk": "52c9541b-72d4-4f54-93a4-1465384dc6ea",
        "fields": {
            "name": "Coconut Body Butter",
            "name_en": "Coconut Body Butter",
            "name_ar": "زبدة جوز الهند للجسم",
            "short_description": "Rich coconut body butter for silky smooth skin.",
            "short_description_en": "Rich coconut body butter for silky smooth skin.",
            "short_description_ar": "زبدة جوز هند غنية لبشرة ناعمة كالحرير.",
            "product_type": "retail",
            "category": "Body Care",
            "brand": "NaturaSpa",
            "sku": "NS-BOD-001",
            "status": "active",
            "image": "spa_products/product_52c9541b-72d4-4f54-93a4-1465384dc6ea.jpg",
            "is_organic": true,
            "is_aromatherapy": false,
            "suitable_for_sensitive_skin": false,
            "is_featured": false,
            "is_visible": true,
            "created_at": "2026-04-01T08:07:21.547Z",
            "updated_at": "2026-04-01T08:07:22.597Z"
        }
    },
    {
        "model": "spacenter.baseproduct",
        "pk": "74c9e270-a176-4632-94f1-7df609c66fe3",
        "fields": {
            "name": "Eucalyptus Steam Inhaler",
            "name_en": "Eucalyptus Steam Inhaler",
            "name_ar": "مستنشق بخار الأوكالبتوس",
            "short_description": "Eucalyptus blend for steam rooms and saunas.",
            "short_description_en": "Eucalyptus blend for steam rooms and saunas.",
            "short_description_ar": "مزيج أوكالبتوس لغرف البخار والساونا.",
            "product_type": "consumable",
            "category": "Aromatherapy",
            "brand": "AromaPure",
            "sku": "AP-EUC-002",
            "status": "active",
            "image": "spa_products/product_74c9e270-a176-4632-94f1-7df609c66fe3.jpg",
            "is_organic": false,
            "is_aromatherapy": true,
            "suitable_for_sensitive_skin": false,
            "is_featured": false,
            "is_visible": true,
            "created_at": "2026-04-01T08:07:22.602Z",
            "updated_at": "2026-04-01T08:07:23.177Z"
        }
    },
    {
        "model": "spacenter.baseproduct",
        "pk": "810358fc-8eeb-44db-a660-6131c2750dc5",
        "fields": {
            "name": "Deep Hydration Face Serum",
            "name_en": "Deep Hydration Face Serum",
            "name_ar": "سيروم الترطيب العميق",
            "short_description": "Hyaluronic acid serum for intense hydration.",
            "short_description_en": "Hyaluronic acid serum for intense hydration.",
            "short_description_ar": "سيروم حمض الهيالورونيك للترطيب المكثف.",
            "product_type": "retail",
            "category": "Skincare",
            "brand": "GlowLab",
            "sku": "GL-SER-001",
            "status": "active",
            "image": "spa_products/product_810358fc-8eeb-44db-a660-6131c2750dc5.jpg",
            "is_organic": false,
            "is_aromatherapy": false,
            "suitable_for_sensitive_skin": true,
            "is_featured": true,
            "is_visible": true,
            "created_at": "2026-04-01T08:07:20.987Z",
            "updated_at": "2026-04-01T08:07:21.542Z"
        }
    },
    {
        "model": "spacenter.baseproduct",
        "pk": "b0fb01bf-1db9-457b-840f-b09dc2bd20e8",
        "fields": {
            "name": "Spa Scalp Treatment Oil",
            "name_en": "Spa Scalp Treatment Oil",
            "name_ar": "زيت علاج فروة الرأس",
            "short_description": "Nourishing scalp oil with tea tree and peppermint.",
            "short_description_en": "Nourishing scalp oil with tea tree and peppermint.",
            "short_description_ar": "زيت مغذي لفروة الرأس بشجرة الشاي والنعناع.",
            "product_type": "retail",
            "category": "Hair Care",
            "brand": "HairZen",
            "sku": "HZ-SCA-001",
            "status": "active",
            "image": "spa_products/product_b0fb01bf-1db9-457b-840f-b09dc2bd20e8.jpg",
            "is_organic": true,
            "is_aromatherapy": false,
            "suitable_for_sensitive_skin": false,
            "is_featured": false,
            "is_visible": true,
            "created_at": "2026-04-01T08:07:23.182Z",
            "updated_at": "2026-04-01T08:07:24.148Z"
        }
    },
    {
        "model": "spacenter.baseproduct",
        "pk": "b9e896c9-c76d-4b53-9442-d59ac1c57eb0",
        "fields": {
            "name": "Lavender Dream Essential Oil",
            "name_en": "Lavender Dream Essential Oil",
            "name_ar": "زيت اللافندر الأساسي",
            "short_description": "Pure lavender essential oil for relaxation.",
            "short_description_en": "Pure lavender essential oil for relaxation.",
            "short_description_ar": "زيت لافندر نقي للاسترخاء.",
            "product_type": "retail",
            "category": "Aromatherapy",
            "brand": "AromaPure",
            "sku": "AP-LAV-001",
            "status": "active",
            "image": "spa_products/product_b9e896c9-c76d-4b53-9442-d59ac1c57eb0.jpg",
            "is_organic": true,
            "is_aromatherapy": true,
            "suitable_for_sensitive_skin": false,
            "is_featured": true,
            "is_visible": true,
            "created_at": "2026-04-01T08:07:20.267Z",
            "updated_at": "2026-04-01T08:07:20.981Z"
        }
    },
    {
        "model": "spacenter.baseproduct",
        "pk": "bac9d67c-6d26-4223-9cb4-9d50bdb3184a",
        "fields": {
            "name": "Relaxation Herbal Tea Set",
            "name_en": "Relaxation Herbal Tea Set",
            "name_ar": "مجموعة شاي الأعشاب للاسترخاء",
            "short_description": "Curated calming herbal teas – chamomile, lemongrass.",
            "short_description_en": "Curated calming herbal teas – chamomile, lemongrass.",
            "short_description_ar": "شاي أعشاب مهدئ - بابونج وعشبة الليمون.",
            "product_type": "retail",
            "category": "Wellness",
            "brand": "ZenLeaf",
            "sku": "ZL-TEA-001",
            "status": "active",
            "image": "spa_products/product_bac9d67c-6d26-4223-9cb4-9d50bdb3184a.jpg",
            "is_organic": true,
            "is_aromatherapy": false,
            "suitable_for_sensitive_skin": false,
            "is_featured": true,
            "is_visible": true,
            "created_at": "2026-04-01T08:07:24.154Z",
            "updated_at": "2026-04-01T08:07:24.996Z"
        }
    }
]